Province,City,District,Neighborhood
Álava,Área de Añana,,
Álava,Área de Ayala,,
Álava,Área de Campezo- Montaña Alavesa,,
Álava,Laguardia-Rioja Alavesa,,
Álava,Área de Salvatierra,,
Álava,Área de Zuya,,
Álava,Vitoria-Gasteiz,Adurtza,
Álava,Vitoria-Gasteiz,Aranzabela - Aranbizkarra,
Álava,Vitoria-Gasteiz,Aretxabaleta,
Álava,Vitoria-Gasteiz,Armentia - Ciudad Jardín,
Álava,Vitoria-Gasteiz,Betoño - Abetxuko,
Álava,Vitoria-Gasteiz,Casco Viejo,
Álava,Vitoria-Gasteiz,Centro,
Álava,Vitoria-Gasteiz,Coronación,
Álava,Vitoria-Gasteiz,El Pilar,
Álava,Vitoria-Gasteiz,Judimendi - Sta.Lucía,
Álava,Vitoria-Gasteiz,Lakua,
Álava,Vitoria-Gasteiz,Lakua - Arriaga,
Álava,Vitoria-Gasteiz,Lovaina - Aranzabal,
Álava,Vitoria-Gasteiz,Salburua,
Álava,Vitoria-Gasteiz,San Cristóbal,
Álava,Vitoria-Gasteiz,San Martín,
Álava,Vitoria-Gasteiz,Sansomendi - Ali,
Álava,Vitoria-Gasteiz,Santiago - El Anglo,
Álava,Vitoria-Gasteiz,Txagorritxu,
Álava,Vitoria-Gasteiz,Zabalgana - Ariznabarra,
Álava,Vitoria-Gasteiz,Zaramaga,
Álava,Vitoria-Gasteiz,Zona rural este,
Álava,Vitoria-Gasteiz,Zona rural noroeste,
Álava,Vitoria-Gasteiz,Zona rural suroeste,
Albacete,Campo de Hellín,,
Albacete,Centro,Albacete,Barrios periféricos - Pedanías
Albacete,Centro,Albacete,Cañicas - Canal de María Cristina
Albacete,Centro,Albacete,Carretas - Huerta de Marzo
Albacete,Centro,Albacete,El Pilar
Albacete,Centro,Albacete,Fátima
Albacete,Centro,Albacete,Feria
Albacete,Centro,Albacete,Franciscanos
Albacete,Centro,Albacete,Hermanos Falcó - Sepulcro Bolera
Albacete,Centro,Albacete,Hospital
Albacete,Centro,Albacete,Industria
Albacete,Centro,Albacete,La Milagrosa - La Estrella
Albacete,Centro,Albacete,La Pajarita
Albacete,Centro,Albacete,Los Llanos
Albacete,Centro,Albacete,Medicina
Albacete,Centro,Albacete,Parque sur
Albacete,Centro,Albacete,Pedro Lamata - San Pedro Mortero
Albacete,Centro,Albacete,San Antonio Abad - Polígono San Antón
Albacete,Centro,Albacete,San Pablo
Albacete,Centro,Albacete,Santa Teresa
Albacete,Centro,Albacete,Villacerrada - Centro
Albacete,Centro,Área de Barrax,
Albacete,Centro,Área de Chinchilla de Monte-Aragón,
Albacete,Corredor de Almansa,,
Albacete,La Mancha,,
Albacete,Área de la Manchuela,,
Albacete,Sierra de Alcaraz-Segura,,
Alicante,Alt Vinalopó,Área de Benejama,
Alicante,Alt Vinalopó,Área de Salinas - Sax,
Alicante,Alt Vinalopó,Villena,
Alicante,Baix Segura,Algorfa-Los Montesinos,Algorfa
Alicante,Baix Segura,Algorfa-Los Montesinos,Los Montesinos
Alicante,Baix Segura,Almoradí,
Alicante,Baix Segura,Área de Albaterra-San Isidro,
Alicante,Baix Segura,Área de Beniferri-Callosa,
Alicante,Baix Segura,Orihuela,Desamparados-Hurchillo-Torremendo
Alicante,Baix Segura,Orihuela,La Murada-Los Vicentes
Alicante,Baix Segura,Orihuela,Molins-Campaneta-San Bartolomé
Alicante,Baix Segura,Orihuela,Montepinar-La Aparecida-Raiguero
Alicante,Baix Segura,Orihuela,Orihuela Ciudad
Alicante,Baix Segura,Orihuela Costa,Aguamarina
Alicante,Baix Segura,Orihuela Costa,Cabo Roig
Alicante,Baix Segura,Orihuela Costa,Campoamor
Alicante,Baix Segura,Orihuela Costa,La Regia
Alicante,Baix Segura,Orihuela Costa,La Zenia
Alicante,Baix Segura,Orihuela Costa,Las Colinas Golf
Alicante,Baix Segura,Orihuela Costa,Lomas de Cabo Roig-Los Dolses
Alicante,Baix Segura,Orihuela Costa,Lomas de Campoamor-Las Ramblas
Alicante,Baix Segura,Orihuela Costa,Los Almendros-La Florida
Alicante,Baix Segura,Orihuela Costa,Los Balcones y los Altos
Alicante,Baix Segura,Orihuela Costa,Playa Flamenca
Alicante,Baix Segura,Orihuela Costa,Punta Prima
Alicante,Baix Segura,Orihuela Costa,Villamartín-Las Filipinas
Alicante,Baix Segura,Orihuela Costa,Zeniamar-Horizonte-La Campana
Alicante,Baix Segura,Pilar de la Horadada,El Mojón
Alicante,Baix Segura,Pilar de la Horadada,Mil Palmeras
Alicante,Baix Segura,Pilar de la Horadada,Pinar de Campoverde
Alicante,Baix Segura,Pilar de la Horadada,Pueblo Latino
Alicante,Baix Segura,Pilar de la Horadada,Torre de la Horadada
Alicante,Baix Segura,Pilar de la Horadada,Zona Pueblo
Alicante,Baix Segura,Área de Rafal-Jacarilla,Benejuzar
Alicante,Baix Segura,Área de Rafal-Jacarilla,Bigastro
Alicante,Baix Segura,Área de Rafal-Jacarilla,Jacarilla
Alicante,Baix Segura,Área de Rafal-Jacarilla,Rafal
Alicante,Baix Segura,Rojales,Benimar
Alicante,Baix Segura,Rojales,Centro
Alicante,Baix Segura,Rojales,Ciudad Quesada
Alicante,Baix Segura,Benijofar,
Alicante,Baix Segura,Catral-Dolores,
Alicante,Baix Segura,Daya,
Alicante,Baix Segura,Formentera del Segura,
Alicante,Baix Segura,Guardamar del Segura,Buenavista
Alicante,Baix Segura,Guardamar del Segura,Guardamar Playa
Alicante,Baix Segura,Guardamar del Segura,Las Viñas
Alicante,Baix Segura,Guardamar del Segura,Puerto Deportivo
Alicante,Baix Segura,Guardamar del Segura,Urbanizaciones
Alicante,Baix Segura,Guardamar del Segura,Zona Pueblo
Alicante,Baix Segura,San Fulgencio,
Alicante,Baix Segura,San Miguel de Salinas,
Alicante,Baix Segura,Torrevieja,Centro
Alicante,Baix Segura,Torrevieja,El Acequión - Los Náufragos
Alicante,Baix Segura,Torrevieja,La Mata
Alicante,Baix Segura,Torrevieja,La Siesta - El Salado - Torreta
Alicante,Baix Segura,Torrevieja,Los Balcones - Los Altos del Edén
Alicante,Baix Segura,Torrevieja,Nueva Torrevieja - Aguas Nuevas
Alicante,Baix Segura,Torrevieja,Playa de los Locos
Alicante,Baix Segura,Torrevieja,Playa del Cura
Alicante,Baix Segura,Torrevieja,Punta Prima
Alicante,Baix Vinalopó,Crevillente,
Alicante,Baix Vinalopó,Elche,Algoda-Matola-Llano de San José
Alicante,Baix Vinalopó,Elche,Alzabares
Alicante,Baix Vinalopó,Elche,Arenales del Sol
Alicante,Baix Vinalopó,Elche,Carrús
Alicante,Baix Vinalopó,Elche,El Altet - Balsares
Alicante,Baix Vinalopó,Elche,Elche Ciudad
Alicante,Baix Vinalopó,Elche,Jubalcoi-Saladas
Alicante,Baix Vinalopó,Elche,La Galia-Bonavista
Alicante,Baix Vinalopó,Elche,La Hoya-Daimes-El Derramador
Alicante,Baix Vinalopó,Elche,La Marina
Alicante,Baix Vinalopó,Elche,Las Bayas-Asprillas
Alicante,Baix Vinalopó,Elche,Maitino-Perleta
Alicante,Baix Vinalopó,Elche,Peña de Las Águilas
Alicante,Baix Vinalopó,Elche,Torrellano
Alicante,Baix Vinalopó,Elche,Valverde
Alicante,Baix Vinalopó,Gran Alacant,Gran Vista-Olivo de Oro
Alicante,Baix Vinalopó,Gran Alacant,Mediterráneo-Novamar
Alicante,Baix Vinalopó,Gran Alacant,Monte Faro-Altomar
Alicante,Baix Vinalopó,Gran Alacant,Monte y Mar
Alicante,Baix Vinalopó,Gran Alacant,Panorama-Sierramar
Alicante,Baix Vinalopó,Gran Alacant,Puerto Marino
Alicante,Baix Vinalopó,Santa Pola,Calas de Santa Pola Este
Alicante,Baix Vinalopó,Santa Pola,Calas de Santiago Bernabeu
Alicante,Baix Vinalopó,Santa Pola,Centro
Alicante,Baix Vinalopó,Santa Pola,Gran Playa
Alicante,Baix Vinalopó,Santa Pola,Playa Levante
Alicante,Baix Vinalopó,Santa Pola,Puerto
Alicante,Baix Vinalopó,Santa Pola,Tamarit - Playa Lissa
Alicante,Baix Vinalopó,Santa Pola,Zona norte
Alicante,Comtat,Área de Benimassot,
Alicante,Comtat,Área de Muro de Alcoy,
Alicante,Comtat,Área de Planes,
Alicante,L'Alacantí,Agost,
Alicante,L'Alacantí,Aigües,
Alicante,L'Alacantí,Barriadas de Alicante,
Alicante,L'Alacantí,Busot,
Alicante,L'Alacantí,El Campello,
Alicante,L'Alacantí,Jijona,
Alicante,L'Alacantí,Mutxamel,
Alicante,L'Alacantí,San Juan de Alicante,
Alicante,L'Alacantí,San Vicente del Raspeig,
Alicante,Alicante,Benalúa-La Florida-Babel-San Gabriel,Alipark
Alicante,Alicante,Benalúa-La Florida-Babel-San Gabriel,Babel
Alicante,Alicante,Benalúa-La Florida-Babel-San Gabriel,Benalúa
Alicante,Alicante,Benalúa-La Florida-Babel-San Gabriel,Ciudad de Asís
Alicante,Alicante,Benalúa-La Florida-Babel-San Gabriel,El Palmeral-Urbanova-Tabarca
Alicante,Alicante,Benalúa-La Florida-Babel-San Gabriel,La Florida
Alicante,Alicante,Benalúa-La Florida-Babel-San Gabriel,La Florida Portazgo
Alicante,Alicante,Benalúa-La Florida-Babel-San Gabriel,Princesa Mercedes
Alicante,Alicante,Benalúa-La Florida-Babel-San Gabriel,San Gabriel
Alicante,Alicante,Campoamor-Carolinas-Altozano,Altozano
Alicante,Alicante,Campoamor-Carolinas-Altozano,Benisaudet
Alicante,Alicante,Campoamor-Carolinas-Altozano,Campoamor
Alicante,Alicante,Campoamor-Carolinas-Altozano,Carolinas Altas
Alicante,Alicante,Campoamor-Carolinas-Altozano,Carolinas Bajas
Alicante,Alicante,Centro,Casco Histórico-Santa Cruz
Alicante,Alicante,Centro,Centro Tradicional
Alicante,Alicante,Centro,Ensanche-Diputación
Alicante,Alicante,Centro,Mercado
Alicante,Alicante,Los Ángeles-Tómbola-San Nicolás,Ciudad de Asís - Font-Calent - El Bacarot
Alicante,Alicante,Los Ángeles-Tómbola-San Nicolás,Divina Pastora
Alicante,Alicante,Los Ángeles-Tómbola-San Nicolás,Los Ángeles
Alicante,Alicante,Los Ángeles-Tómbola-San Nicolás,San Agustín
Alicante,Alicante,Los Ángeles-Tómbola-San Nicolás,Tómbola - Rabasa
Alicante,Alicante,Parque Avenidas - Vistahermosa,
Alicante,Alicante,Plà del Bon Repòs-La Goteta-San Antón,
Alicante,Alicante,Playa de San Juan-El Cabo,Alicante Golf
Alicante,Alicante,Playa de San Juan-El Cabo,Cabo de las Huertas
Alicante,Alicante,Playa de San Juan-El Cabo,La Albufereta
Alicante,Alicante,Playa de San Juan-El Cabo,PAU 5
Alicante,Alicante,Playa de San Juan-El Cabo,Playa de San Juan
Alicante,Alicante,San Blas-Pau,
Alicante,Alicante,Villafranqueza-Santa Faz-Monegre,
Alicante,Alicante,Virgen del Remedio - Juan XXIII,
Alicante,L'Alcoià,Alcoy,Barri Batoi - Sargento - Baradello
Alicante,L'Alcoià,Alcoy,Barri Eixample
Alicante,L'Alcoià,Alcoy,Barri Santa Rosa
Alicante,L'Alcoià,Alcoy,Barri Zona Nord
Alicante,L'Alcoià,Alcoy,Centro - Zona Alta
Alicante,L'Alcoià,Área de Foia de Castalla,
Alicante,L'Alcoià,Área de Ibi,
Alicante,L'Alcoià,Área de Penaquila,
Alicante,Marina Alta,El Verger,
Alicante,Marina Alta,Área de Orba-Beniarbeig,
Alicante,Marina Alta,Área de Pego,
Alicante,Marina Alta,Benissa,Benissa pueblo
Alicante,Marina Alta,Benissa,Cala Advocat - Baladrar
Alicante,Marina Alta,Benissa,La Fustera
Alicante,Marina Alta,Benissa,La Viña - Montemar - San Jaime
Alicante,Marina Alta,Benitachell,Alcassar
Alicante,Marina Alta,Benitachell,Calistros
Alicante,Marina Alta,Benitachell,Centro
Alicante,Marina Alta,Benitachell,Cumbre del Sol
Alicante,Marina Alta,Benitachell,Les Fonts
Alicante,Marina Alta,Calpe,Calpe Pueblo
Alicante,Marina Alta,Calpe,Canuta
Alicante,Marina Alta,Calpe,Cometa-Carrió
Alicante,Marina Alta,Calpe,Gargasindi
Alicante,Marina Alta,Calpe,Manzanera-Tosal
Alicante,Marina Alta,Calpe,Maryvilla
Alicante,Marina Alta,Calpe,Oltamar-Cucarres
Alicante,Marina Alta,Calpe,Playa Arenal-Bol
Alicante,Marina Alta,Calpe,Playa de Fossa-Levante
Alicante,Marina Alta,Calpe,Puerto
Alicante,Marina Alta,Denia,Centro Urbano
Alicante,Marina Alta,Denia,Devesses - Monte Pego
Alicante,Marina Alta,Denia,El Montgó
Alicante,Marina Alta,Denia,El Puerto
Alicante,Marina Alta,Denia,La Pedrera-Vessanes
Alicante,Marina Alta,Denia,La Xara - La Sella - Jesús Pobre
Alicante,Marina Alta,Denia,Les Marines/Las Marinas
Alicante,Marina Alta,Denia,Les Rotes/Las Rotas
Alicante,Marina Alta,Denia,Saladar
Alicante,Marina Alta,Els Poblets,
Alicante,Marina Alta,Gata de Gorgos,
Alicante,Marina Alta,Jávea,Cap Martí - Pinomar
Alicante,Marina Alta,Jávea,Centro Ciudad
Alicante,Marina Alta,Jávea,La Granadella - Costa Nova
Alicante,Marina Alta,Jávea,Montañar-El Arenal
Alicante,Marina Alta,Jávea,Montgó - Ermita
Alicante,Marina Alta,Jávea,Partida Comunes-Adsubia
Alicante,Marina Alta,Jávea,Partida Tosal - Zona dels Castellans
Alicante,Marina Alta,Jávea,Portichol - Balcón al Mar
Alicante,Marina Alta,Jávea,Puerto
Alicante,Marina Alta,Moraira,Benimeit-Tabaira
Alicante,Marina Alta,Moraira,Casco Urbano
Alicante,Marina Alta,Moraira,El Portet-Pla del Mar
Alicante,Marina Alta,Moraira,Moravit-Cap Blanc
Alicante,Marina Alta,Moraira,Paichi
Alicante,Marina Alta,Moraira,Pinar de Advocat-Cometa
Alicante,Marina Alta,Ondara,
Alicante,Marina Alta,Pedreguer,
Alicante,Marina Alta,Teulada,
Alicante,Marina Alta,Vall de Pop,
Alicante,Marina Baixa,Altea,Altea Hills
Alicante,Marina Baixa,Altea,Altea la Vella
Alicante,Marina Baixa,Altea,Altea Pueblo
Alicante,Marina Baixa,Altea,Zona de Mascarat
Alicante,Marina Baixa,Altea,Zona l'Olla
Alicante,Marina Baixa,Alfaz del Pi,Alfaz del Pi Pueblo-Urbanizaciones
Alicante,Marina Baixa,Alfaz del Pi,Colonia Escandinavia-Cautivador
Alicante,Marina Baixa,Alfaz del Pi,L'Albir
Alicante,Marina Baixa,Área de Callosa d'En Sarriá,
Alicante,Marina Baixa,Finestrat,Balcón de Finestrat-Terra Marina
Alicante,Marina Baixa,Finestrat,Cala de Finestrat
Alicante,Marina Baixa,Finestrat,Finestrat Pueblo
Alicante,Marina Baixa,Finestrat,Golf Bahía
Alicante,Marina Baixa,Villajoyosa,Cala de Villajoyosa
Alicante,Marina Baixa,Villajoyosa,Centro Urbano
Alicante,Marina Baixa,Villajoyosa,El Secanet - Hacienda del Sol
Alicante,Marina Baixa,Villajoyosa,Plans - Gasparot
Alicante,Marina Baixa,Villajoyosa,Platja de Torres
Alicante,Marina Baixa,Villajoyosa,Platja Vila Joiosa
Alicante,Marina Baixa,Villajoyosa,Poble Nou - Montiboli
Alicante,Marina Baixa,Benidorm,Centro Urbano
Alicante,Marina Baixa,Benidorm,Playa de Levante
Alicante,Marina Baixa,Benidorm,Playa de Poniente
Alicante,Marina Baixa,Benidorm,Pueblo Levante
Alicante,Marina Baixa,Benidorm,Pueblo Poniente
Alicante,Marina Baixa,Benidorm,Puerto
Alicante,Marina Baixa,Benidorm,Rincón de Loix
Alicante,Marina Baixa,Confrides - Benimantell - Guadalest,
Alicante,Marina Baixa,La Nucia,Barranco Hondo
Alicante,Marina Baixa,La Nucia,Coloma
Alicante,Marina Baixa,La Nucia,El Tossal-Bello Horizonte
Alicante,Marina Baixa,La Nucia,La Nucia Pueblo
Alicante,Marina Baixa,La Nucia,Montebello - Nou Espai
Alicante,Marina Baixa,La Nucia,San Rafael - Nucia Park
Alicante,Marina Baixa,La Nucia,Varadero
Alicante,Marina Baixa,Polop,
Alicante,Marina Baixa,Relleu - Orxeta - Sella,
Alicante,Vinalopó Mitjà,Algüeña - La Romana,
Alicante,Vinalopó Mitjà,Área de Hondón,
Alicante,Vinalopó Mitjà,Aspe,
Alicante,Vinalopó Mitjà,Elda,
Alicante,Vinalopó Mitjà,Monforte del Cid,
Alicante,Vinalopó Mitjà,Monovar,
Alicante,Vinalopó Mitjà,Novelda,
Alicante,Vinalopó Mitjà,Petrer,
Alicante,Vinalopó Mitjà,Pinoso,
Almería,Alpujarras,Área de Alhama de Almería,
Almería,Alpujarras,Área de Canjáyar,
Almería,Alpujarras,Área de Laujar de Andarax,
Almería,Área de Almería,Almería,Altamira - Oliveros - Barrio Alto
Almería,Área de Almería,Almería,Barrio San Luis - Los Molinos
Almería,Área de Almería,Almería,Castell del Rey
Almería,Área de Almería,Almería,Centro
Almería,Área de Almería,Almería,Centro-Rambla
Almería,Área de Almería,Almería,Ciudad Jardín - Tagarete
Almería,Área de Almería,Almería,El Alquián - San Miguel
Almería,Área de Almería,Almería,El Toyo
Almería,Área de Almería,Almería,Esperanza - Quemadero
Almería,Área de Almería,Almería,La Cañada - Costacabana - Loma Cabrera
Almería,Área de Almería,Almería,La Chanca - Pescadería
Almería,Área de Almería,Almería,Los Ángeles - Cruz de Caravaca
Almería,Área de Almería,Almería,Nueva Andalucía - Regiones
Almería,Área de Almería,Almería,Piedras Redondas
Almería,Área de Almería,Almería,Plaza de Toros
Almería,Área de Almería,Almería,Retamar
Almería,Área de Almería,Almería,San Cristóbal
Almería,Área de Almería,Almería,Vega de Acá - Nueva Almería - Cortijo Grande
Almería,Área de Almería,Almería,Villablanca - Torrecárdenas
Almería,Área de Almería,Almería,Zapillo
Almería,Área de Almería,Área de Benahadux,
Almería,Área de Almería,Área de Huercal de Almería,
Almería,Bajo Almanzora,Cuevas del Almanzora,Burjulu - La Mulería
Almería,Bajo Almanzora,Cuevas del Almanzora,Cuevas del Almanzora
Almería,Bajo Almanzora,Cuevas del Almanzora,Desert Spring Golf
Almería,Bajo Almanzora,Cuevas del Almanzora,El Calón - Pozo Esparto
Almería,Bajo Almanzora,Cuevas del Almanzora,Guazamara - Los Lobos
Almería,Bajo Almanzora,Cuevas del Almanzora,Las Cunas - La Algarrobina
Almería,Bajo Almanzora,Cuevas del Almanzora,Palomares
Almería,Bajo Almanzora,Cuevas del Almanzora,Villaricos
Almería,Bajo Almanzora,Huércal-Overa,
Almería,Bajo Almanzora,Área de Pulpí,Pulpi
Almería,Bajo Almanzora,Área de Pulpí,San Juan de los Terreros
Almería,Campo de Tabernas,,
Almería,Filabres,,
Almería,Levante,Área de Turre - Bédar,Antas
Almería,Levante,Área de Turre - Bédar,Bédar
Almería,Levante,Área de Turre - Bédar,Los Gallardos
Almería,Levante,Área de Turre - Bédar,Turre
Almería,Levante,Garrucha,
Almería,Levante,Mojácar,Mojácar Pueblo
Almería,Levante,Mojácar,Pueblo Indalo-Ventanicas-El Cantal
Almería,Levante,Mojácar,Zona el Palmeral
Almería,Levante,Mojácar,Zona Urb. Marina de la Torre
Almería,Levante,Mojácar,Zona Vista de los Ángeles
Almería,Levante,Vera,Cala Marqués
Almería,Levante,Vera,El Playazo
Almería,Levante,Vera,Las Marinas
Almería,Levante,Vera,Las Salinas
Almería,Levante,Vera,Lomas del Mar
Almería,Levante,Vera,Puerto Rey
Almería,Levante,Vera,Puerto Vera
Almería,Levante,Vera,Urb.Golf Valle Este
Almería,Levante,Vera,Vera Playa Naturista
Almería,Levante,Vera,Vera Pueblo
Almería,Los Vélez,,
Almería,Parque Natural Cabo de Gata - Níjar,Cabo de Gata,
Almería,Parque Natural Cabo de Gata - Níjar,Carboneras,
Almería,Parque Natural Cabo de Gata - Níjar,Nijar,
Almería,Poniente,Adra,
Almería,Poniente,El Ejido,Almerimar
Almería,Poniente,El Ejido,Balerma
Almería,Poniente,El Ejido,El Ejido
Almería,Poniente,El Ejido,Guardias Viejas
Almería,Poniente,El Ejido,Las Norias
Almería,Poniente,El Ejido,Matagorda
Almería,Poniente,El Ejido,San Agustín
Almería,Poniente,El Ejido,Santa María del Águila
Almería,Poniente,Vícar,La Envía
Almería,Poniente,Vícar,La Gangosa
Almería,Poniente,Vícar,Las Cabañuelas
Almería,Poniente,Vícar,Puebla de Vícar
Almería,Poniente,Vícar,Vícar
Almería,Poniente,Berja-Balanegra,Balanegra
Almería,Poniente,Berja-Balanegra,Berja
Almería,Poniente,Dalias,
Almería,Poniente,Felix-Enix,
Almería,Poniente,La Mojonera,
Almería,Poniente,Roquetas de Mar,Aguadulce
Almería,Poniente,Roquetas de Mar,El Parador
Almería,Poniente,Roquetas de Mar,Roquetas
Almería,Valle de Almanzora,Área de Albox,
Almería,Valle de Almanzora,Área de Purchena,
Almería,Valle de Almanzora,Área de Serón,
Almería,Valle de Almanzora,Área de Zurgena,
Andorra,Andorra la Vella,,
Andorra,Canillo,,
Andorra,La Massana,,
Andorra,Ordino,,
Andorra,Sant Julia de Loria,,
Andorra,Encamp,,
Andorra,Escaldes-Engordany,,
Asturias,Área de Avilés,Castrillon,
Asturias,Área de Avilés,Área de Corvera - Candamo,
Asturias,Área de Avilés,Cudillero,
Asturias,Área de Avilés,Gozón,
Asturias,Área de Avilés,Área de Muros de Nalón,
Asturias,Área de Avilés,Pravia,
Asturias,Área de Avilés,Avilés,
Asturias,Área de Gijón,Carreño,
Asturias,Área de Gijón,Villaviciosa,
Asturias,Área de Gijón,Gijón,Centro
Asturias,Área de Gijón,Gijón,El Llano
Asturias,Área de Gijón,Gijón,Este
Asturias,Área de Gijón,Gijón,Oeste
Asturias,Área de Gijón,Gijón,Periurbano
Asturias,Área de Gijón,Gijón,Somió - Cabueñes
Asturias,Área de Gijón,Gijón,Sur
Asturias,Área de Oviedo,Área de Grado,
Asturias,Área de Oviedo,Área de Nava,
Asturias,Área de Oviedo,Área de Somiedo,
Asturias,Área de Oviedo,Llanera,
Asturias,Área de Oviedo,Noreña,
Asturias,Área de Oviedo,Oviedo,Buenavista-Ería-Montecerrao
Asturias,Área de Oviedo,Oviedo,Centro-Casco Histórico
Asturias,Área de Oviedo,Oviedo,Ciudad Naranco-Vallobín-La Florida
Asturias,Área de Oviedo,Oviedo,Corredoria-Huca-Teatinos
Asturias,Área de Oviedo,Oviedo,Fozaneldi-Tenderina-Ventanielles
Asturias,Área de Oviedo,Oviedo,La Manjoya-Parroquias Sur
Asturias,Área de Oviedo,Oviedo,Parroquias Norte-Naranco
Asturias,Área de Oviedo,Oviedo,San Claudio-Trubia-Las Caldas
Asturias,Área de Oviedo,Oviedo,San Lazaro-Otero-Villafría
Asturias,Área de Oviedo,Siero,
Asturias,Caudal,Aller,
Asturias,Caudal,Lena,
Asturias,Caudal,Mieres del Camino,
Asturias,Eo-Navia,Área de Eo,
Asturias,Eo-Navia,Luarca - Valdés,
Asturias,Eo-Navia,Área de Oscos - Parque Prehistórico,
Asturias,Eo-Navia,Área de Tapia,
Asturias,Eo-Navia,Área del Valle de Navia,
Asturias,Nalón,Langreo,
Asturias,Nalón,Laviana,
Asturias,Nalón,San Martín del Rey Aurelio,
Asturias,Nalón,Sobrescobio-Caso,
Asturias,Área de Narcea,,
Asturias,Oriente,Área de Cangas de Onís,
Asturias,Oriente,Llanes,Celorio-Poó-Parres
Asturias,Oriente,Llanes,Cué-San Roque-Andrín
Asturias,Oriente,Llanes,Llanes
Asturias,Oriente,Llanes,Posada-Barro
Asturias,Oriente,Llanes,Pría-Nueva-Hontoria-Naves
Asturias,Oriente,Llanes,Vibaña-Ardisana-Caldueño
Asturias,Oriente,Llanes,Vidiago-Pendueles-Tresgrandas
Asturias,Oriente,Área de Peñamellera,
Asturias,Oriente,Área de Piloña,
Asturias,Oriente,Cabrales,
Asturias,Oriente,Colunga - Caravia,
Asturias,Oriente,Parres,
Asturias,Oriente,Ponga - Amieva,
Asturias,Oriente,Ribadedeva,
Asturias,Oriente,Ribadesella,
Ávila,Área de Ávila,Área de San Pedro del Arroyo,
Ávila,Área de Ávila,Área de Villatoro,
Ávila,Área de Ávila,Ávila,
Ávila,Área de Arévalo,,
Ávila,Burgohondo - Cebreros - El Tiemblo,Área de Burgohondo - El Barraco,
Ávila,Burgohondo - Cebreros - El Tiemblo,Área de Cebreros-Hoyo de Pinares,
Ávila,Burgohondo - Cebreros - El Tiemblo,El Tiemblo,
Ávila,Burgohondo - Cebreros - El Tiemblo,Navalperal-Las Navas del Marqués-Peguerinos,
Ávila,Valle del Tiétar,Área de Arenas de San Pedro,
Ávila,Valle del Tiétar,Candeleda,
Ávila,Valle del Tiétar,Área de Casa Vieja - Gavilanes,
Ávila,Valle del Tiétar,Área de la Adrada - Piedralaves,
Ávila,Valle del Tiétar,Área de Sotillo de la Adrada,
Ávila,Valle del Tormes,,
Badajoz,Área de Mérida,Área de Montijo,
Badajoz,Área de Mérida,Área de Valverde de Mérida,
Badajoz,Área de Mérida,Mérida,Bodegones - Salesianos
Badajoz,Área de Mérida,Mérida,Centro - Argentina
Badajoz,Área de Mérida,Mérida,El Prado
Badajoz,Área de Mérida,Mérida,Los Milagros - Corchera
Badajoz,Área de Mérida,Mérida,Nueva Ciudad
Badajoz,Área de Mérida,Mérida,San Juan - Santa Isabel
Badajoz,Área de Mérida,Mérida,San Luis - Albarregas
Badajoz,Área de Mérida,Mérida,Urbanización Proserpina
Badajoz,Badajoz-Alburquerque,Área de Alburquerque,
Badajoz,Badajoz-Alburquerque,Área de Nogales,
Badajoz,Badajoz-Alburquerque,Badajoz,Avda. Elvas
Badajoz,Badajoz-Alburquerque,Badajoz,Casco Antiguo - Centro
Badajoz,Badajoz-Alburquerque,Badajoz,Cerro de Reyes
Badajoz,Badajoz-Alburquerque,Badajoz,Ciudad Jardín
Badajoz,Badajoz-Alburquerque,Badajoz,Ctra de Sevilla - Ronda sur
Badajoz,Badajoz-Alburquerque,Badajoz,Dehesilla de Calamón - Campomanes
Badajoz,Badajoz-Alburquerque,Badajoz,El Plantío - Corazón de Jesús
Badajoz,Badajoz-Alburquerque,Badajoz,Golf Guadiana
Badajoz,Badajoz-Alburquerque,Badajoz,Huerta Rosales - Valdepasillas
Badajoz,Badajoz-Alburquerque,Badajoz,La Estación
Badajoz,Badajoz-Alburquerque,Badajoz,Las Vaguadas - Carretera Valverde
Badajoz,Badajoz-Alburquerque,Badajoz,Maria Auxiliadora - Barriada LLera
Badajoz,Badajoz-Alburquerque,Badajoz,Pardaleras
Badajoz,Badajoz-Alburquerque,Badajoz,Pedanías norte
Badajoz,Badajoz-Alburquerque,Badajoz,San Roque - Ronda Norte
Badajoz,Badajoz-Alburquerque,Badajoz,Santa Marina - La Paz
Badajoz,Campiña Sur,,
Badajoz,Don Benito-Siberia-Serena,Área de Don Benito,
Badajoz,Don Benito-Siberia-Serena,Área de la Serena,
Badajoz,Don Benito-Siberia-Serena,Área de Orellana - Navalvillar,
Badajoz,Don Benito-Siberia-Serena,Área de Siberia,
Badajoz,Jerez de los Caballeros,,
Badajoz,Llanos de Olivenza,,
Badajoz,Tentudía,,
Badajoz,Tierra de Barros - Tierras de Zafra,Almendralejo,
Badajoz,Tierra de Barros - Tierras de Zafra,Área de Río Bodión,
Badajoz,Tierra de Barros - Tierras de Zafra,Área de Santa Marta-Aceucha,
Badajoz,Tierra de Barros - Tierras de Zafra,Tierras de Zafra,
Badajoz,Tierra de Barros - Tierras de Zafra,Villafranca de los Barros-Sierra Grande,
Badajoz,Tierra de Barros - Tierras de Zafra,Zafra,
"Balears, (Illes)",Formentera,,
"Balears, (Illes)",Ibiza,Eivissa,Centro - S'Eixample - Can Misses
"Balears, (Illes)",Ibiza,Eivissa,Dalt Vila - La Marina
"Balears, (Illes)",Ibiza,Eivissa,Figueretes - Platja d'En Bossa
"Balears, (Illes)",Ibiza,Eivissa,Los Molinos
"Balears, (Illes)",Ibiza,Eivissa,Marina Botafoc - Talamanca
"Balears, (Illes)",Ibiza,Sant Antoni de Portmany,Sant Antoni de Portmany
"Balears, (Illes)",Ibiza,Sant Antoni de Portmany,Sant Rafel de sa Creu
"Balears, (Illes)",Ibiza,Sant Antoni de Portmany,Santa Agnés de Corona - Sant Mateu d'Albarca
"Balears, (Illes)",Ibiza,Área de Sant Joan,
"Balears, (Illes)",Ibiza,Sant Josep de Sa Talaia,Cala Vedella - Cala Tarida - Cala Conta
"Balears, (Illes)",Ibiza,Sant Josep de Sa Talaia,Es Cubells
"Balears, (Illes)",Ibiza,Sant Josep de Sa Talaia,San Agustín - Cala de Bou
"Balears, (Illes)",Ibiza,Sant Josep de Sa Talaia,Sant Jordi de Ses Salines
"Balears, (Illes)",Ibiza,Sant Josep de Sa Talaia,Sant Josep
"Balears, (Illes)",Ibiza,Santa Eulalia del Río,Jesús/Nuestra Señora de Jesús
"Balears, (Illes)",Ibiza,Santa Eulalia del Río,Puig Den Valls
"Balears, (Illes)",Ibiza,Santa Eulalia del Río,San Carlos
"Balears, (Illes)",Ibiza,Santa Eulalia del Río,Santa Eulalia del Río
"Balears, (Illes)",Ibiza,Santa Eulalia del Río,Santa Gertrudis
"Balears, (Illes)",Mallorca,Alcúdia,Barcarés - Manresa - Bonaire
"Balears, (Illes)",Mallorca,Alcúdia,Ciutat d'Alcúdia
"Balears, (Illes)",Mallorca,Alcúdia,Port d'Alcúdia - Platja d'Alcúdia
"Balears, (Illes)",Mallorca,Algaida,
"Balears, (Illes)",Mallorca,Andratx,Andratx Pueblo
"Balears, (Illes)",Mallorca,Andratx,Es Camp de Mar
"Balears, (Illes)",Mallorca,Andratx,Port d'Andratx
"Balears, (Illes)",Mallorca,Andratx,S'Arracó
"Balears, (Illes)",Mallorca,Andratx,Sant Elm
"Balears, (Illes)",Mallorca,Arta,
"Balears, (Illes)",Mallorca,Área de Binissalem,Alaró
"Balears, (Illes)",Mallorca,Área de Binissalem,Binissalem
"Balears, (Illes)",Mallorca,Área de Binissalem,Consell
"Balears, (Illes)",Mallorca,Área de Binissalem,Costitx
"Balears, (Illes)",Mallorca,Área de Binissalem,Sencelles
"Balears, (Illes)",Mallorca,Calvià,Bendinat
"Balears, (Illes)",Mallorca,Calvià,Cala Vinyes
"Balears, (Illes)",Mallorca,Calvià,Calvià pueblo
"Balears, (Illes)",Mallorca,Calvià,Cas Catala
"Balears, (Illes)",Mallorca,Calvià,Costa d'En Blanes
"Balears, (Illes)",Mallorca,Calvià,Costa de la Calma
"Balears, (Illes)",Mallorca,Calvià,El Toro
"Balears, (Illes)",Mallorca,Calvià,Es Capdellà
"Balears, (Illes)",Mallorca,Calvià,Illetes
"Balears, (Illes)",Mallorca,Calvià,Magaluf
"Balears, (Illes)",Mallorca,Calvià,Palmanova
"Balears, (Illes)",Mallorca,Calvià,Peguera
"Balears, (Illes)",Mallorca,Calvià,Portals Nous
"Balears, (Illes)",Mallorca,Calvià,Santa Ponça
"Balears, (Illes)",Mallorca,Calvià,Sol de Mallorca
"Balears, (Illes)",Mallorca,Calvià,Son Ferrer
"Balears, (Illes)",Mallorca,Área de Campos,Campos
"Balears, (Illes)",Mallorca,Área de Campos,Sa Ràpita
"Balears, (Illes)",Mallorca,Área de Deià-Bunyola,
"Balears, (Illes)",Mallorca,Área de Escorca,
"Balears, (Illes)",Mallorca,Felanitx,Cala Ferrera - Cala Serena
"Balears, (Illes)",Mallorca,Felanitx,Felanitx centro
"Balears, (Illes)",Mallorca,Felanitx,Portocolom
"Balears, (Illes)",Mallorca,Felanitx,S'Horta - Cas Concos des Cavaller
"Balears, (Illes)",Mallorca,Área de Manacor,Cala Domingos
"Balears, (Illes)",Mallorca,Área de Manacor,Cala Magrana-Cala Anguila-Cala Mendia
"Balears, (Illes)",Mallorca,Área de Manacor,Cala Murada
"Balears, (Illes)",Mallorca,Área de Manacor,Cales de Mallorca
"Balears, (Illes)",Mallorca,Área de Manacor,Manacor Centro
"Balears, (Illes)",Mallorca,Área de Manacor,Porto Cristo
"Balears, (Illes)",Mallorca,Área de Manacor,S'Illot-Cala Morlanda
"Balears, (Illes)",Mallorca,Área de Manacor,S'Illot
"Balears, (Illes)",Mallorca,Pollença,Cala Sant Vicenç
"Balears, (Illes)",Mallorca,Pollença,Pollença
"Balears, (Illes)",Mallorca,Pollença,Port de Pollença
"Balears, (Illes)",Mallorca,Área de Porreres,Lloret de Vista Alegre
"Balears, (Illes)",Mallorca,Área de Porreres,Montuiri
"Balears, (Illes)",Mallorca,Área de Porreres,Porreres
"Balears, (Illes)",Mallorca,Área de Porreres,Sant Joan
"Balears, (Illes)",Mallorca,Área de Porreres,Villafranca de Bonany
"Balears, (Illes)",Mallorca,Santanyí,Cala d'Or
"Balears, (Illes)",Mallorca,Santanyí,Cala Figuera
"Balears, (Illes)",Mallorca,Santanyí,Cala Llombards
"Balears, (Illes)",Mallorca,Santanyí,Cala Santanyí
"Balears, (Illes)",Mallorca,Santanyí,Es Llombards
"Balears, (Illes)",Mallorca,Santanyí,Portopetro
"Balears, (Illes)",Mallorca,Santanyí,S'Alquería Blanca - Calonge
"Balears, (Illes)",Mallorca,Santanyí,Santanyí
"Balears, (Illes)",Mallorca,Ses Salines,
"Balears, (Illes)",Mallorca,Área de Sineu,
"Balears, (Illes)",Mallorca,Campanet-Buger,
"Balears, (Illes)",Mallorca,Capdepera,Cala Ratjada
"Balears, (Illes)",Mallorca,Capdepera,Canyamel
"Balears, (Illes)",Mallorca,Capdepera,Capdepera
"Balears, (Illes)",Mallorca,Capdepera,Sa Font de sa Cala
"Balears, (Illes)",Mallorca,Esporles-Puigpunyet-Estellencs-Banyalbufar,
"Balears, (Illes)",Mallorca,Inca,
"Balears, (Illes)",Mallorca,Lloseta,
"Balears, (Illes)",Mallorca,Llucmajor,Badia Blava-Badia Gran-Tolleric
"Balears, (Illes)",Mallorca,Llucmajor,Cala Blava-Bellavista
"Balears, (Illes)",Mallorca,Llucmajor,Cala Pi-Vallgornera
"Balears, (Illes)",Mallorca,Llucmajor,Llucmajor Interior
"Balears, (Illes)",Mallorca,Llucmajor,Maioris-Puig de Ros
"Balears, (Illes)",Mallorca,Llucmajor,S'Arenal
"Balears, (Illes)",Mallorca,Llucmajor,S'Estanyol
"Balears, (Illes)",Mallorca,Llucmajor,Sa Torre
"Balears, (Illes)",Mallorca,Llucmajor,Ses Palmeres
"Balears, (Illes)",Mallorca,Llucmajor,Son Verí
"Balears, (Illes)",Mallorca,Mancor de la Vall,
"Balears, (Illes)",Mallorca,Marratxi,
"Balears, (Illes)",Mallorca,Muro,
"Balears, (Illes)",Mallorca,Palma de Mallorca,Ciutat Antigua
"Balears, (Illes)",Mallorca,Palma de Mallorca,Es Forti - Son Cotoner - Son Dameto
"Balears, (Illes)",Mallorca,Palma de Mallorca,Establiments - Son Sardina
"Balears, (Illes)",Mallorca,Palma de Mallorca,Genova - Bonanova - Sant Agustí
"Balears, (Illes)",Mallorca,Palma de Mallorca,La Vileta - Son Rapinya
"Balears, (Illes)",Mallorca,Palma de Mallorca,Las Avenidas
"Balears, (Illes)",Mallorca,Palma de Mallorca,Llevant - La Soledat
"Balears, (Illes)",Mallorca,Palma de Mallorca,Playa de Palma
"Balears, (Illes)",Mallorca,Palma de Mallorca,Portixol-Molinar
"Balears, (Illes)",Mallorca,Palma de Mallorca,Rafal - Son Forteza
"Balears, (Illes)",Mallorca,Palma de Mallorca,Sa Indiotería - Son Castelló
"Balears, (Illes)",Mallorca,Palma de Mallorca,Secar de la Real
"Balears, (Illes)",Mallorca,Palma de Mallorca,Son Ferriol - Sant Jordi
"Balears, (Illes)",Mallorca,Palma de Mallorca,Son Oliva - Plaza Toros - Camp Red
"Balears, (Illes)",Mallorca,Palma de Mallorca,Son Vida
"Balears, (Illes)",Mallorca,Palma de Mallorca,Sta Catalina - Son Armadans - Maritim
"Balears, (Illes)",Mallorca,Pobla (Sa),
"Balears, (Illes)",Mallorca,Sant Llorenç,
"Balears, (Illes)",Mallorca,Santa Margalida,
"Balears, (Illes)",Mallorca,Santa María del Cami,
"Balears, (Illes)",Mallorca,Selva,
"Balears, (Illes)",Mallorca,Soller,
"Balears, (Illes)",Mallorca,Son Servera,
"Balears, (Illes)",Mallorca,Valldemossa,
"Balears, (Illes)",Menorca,Alaior,
"Balears, (Illes)",Menorca,Es Castell,
"Balears, (Illes)",Menorca,Ciutadella de Menorca,Cala Blanca
"Balears, (Illes)",Menorca,Ciutadella de Menorca,Cala En Blanes
"Balears, (Illes)",Menorca,Ciutadella de Menorca,Cala En Bosch-Serpentona
"Balears, (Illes)",Menorca,Ciutadella de Menorca,Cala Morell
"Balears, (Illes)",Menorca,Ciutadella de Menorca,Ciutadella
"Balears, (Illes)",Menorca,Es Mercadal,
"Balears, (Illes)",Menorca,Área de Ferreries,
"Balears, (Illes)",Menorca,Maó/Mahón,Cala Llonga-Sa Mesquida
"Balears, (Illes)",Menorca,Maó/Mahón,Es Grau-Sierra Morena
"Balears, (Illes)",Menorca,Maó/Mahón,Llucmaçanes
"Balears, (Illes)",Menorca,Maó/Mahón,Maó
"Balears, (Illes)",Menorca,Maó/Mahón,Sant Climent-Es Canutells
"Balears, (Illes)",Menorca,Sant Lluis,
Barcelona,Alt Penedès,Área de Santa Margarida i els Monjos,
Barcelona,Alt Penedès,Vilafranca del Penedès,
Barcelona,Alt Penedès,Avinyonet del Penedès - La Granada,
Barcelona,Alt Penedès,El Pla del Penedès,
Barcelona,Alt Penedès,Gelida-Subirats,
Barcelona,Alt Penedès,Mediona,
Barcelona,Alt Penedès,Olèrdola,
Barcelona,Alt Penedès,Sant Martí Sarroca,
Barcelona,Alt Penedès,Sant Sadurní d'Anoia-Sant Llorenç d'Hortons,
Barcelona,Alt Penedès,Torrelles de Foix,
Barcelona,Anoia,Área de Calaf,
Barcelona,Anoia,Igualada,
Barcelona,Anoia,Área de Piera,
Barcelona,Anoia,Área de Vilanova del Camí,
Barcelona,Anoia,Capellades-Torre de Claramunt-Llacuna,
Barcelona,Anoia,Hostalets-Masquefa,
Barcelona,Bages,Área de El Pont de Vilomara i Rocafort,
Barcelona,Bages,Área de Sallent - Navàs,
Barcelona,Bages,Área de Sant Joan de Vilatorrada,
Barcelona,Bages,Área de Sant Vicenç de Castellet,
Barcelona,Bages,Área de Santpedor,
Barcelona,Bages,Artés - Avinyò - Sant Feliu Saserra,
Barcelona,Bages,Castellbell i el Vilar-Monistrol de Montserrat-Marganell,
Barcelona,Bages,Manresa,Antic
Barcelona,Bages,Manresa,Balconada - Cal Gravat
Barcelona,Bages,Manresa,Centre - Passeig i Rodalies
Barcelona,Bages,Manresa,Congost - Santa Caterina
Barcelona,Bages,Manresa,Ctra. Santpedor - Bases de Manresa
Barcelona,Bages,Manresa,Ctra. Vic - Remei
Barcelona,Bages,Manresa,Escodines
Barcelona,Bages,Manresa,Fonts dels Capellans - Viladordis
Barcelona,Bages,Manresa,Mion - Puigberenguer
Barcelona,Bages,Manresa,Plaça Catalunya
Barcelona,Bages,Manresa,Poble Nou
Barcelona,Bages,Manresa,Sagrada Familia
Barcelona,Bages,Manresa,Valldaura - Ctra. de Cardona
Barcelona,Bages,Sant Fruitós - Navarcles,
Barcelona,Baix Llobregat Nord,Abrera,
Barcelona,Baix Llobregat Nord,Cervelló,
Barcelona,Baix Llobregat Nord,Collbató,
Barcelona,Baix Llobregat Nord,Corbera de Llobregat,
Barcelona,Baix Llobregat Nord,Esparreguera,
Barcelona,Baix Llobregat Nord,Martorell,
Barcelona,Baix Llobregat Nord,Olesa de Montserrat,
Barcelona,Baix Llobregat Nord,Área de Palma de Cervelló-El Papiol,
Barcelona,Baix Llobregat Nord,Sant Andreu de la Barca,
Barcelona,Baix Llobregat Nord,Área de St. esteve-Castellví,
Barcelona,Baix Llobregat Nord,Vallirana,
Barcelona,Baix Llobregat Sud,Begues,
Barcelona,Baix Llobregat Sud,Castelldefels,
Barcelona,Baix Llobregat Sud,Cornellà de Llobregat,
Barcelona,Baix Llobregat Sud,El Prat de Llobregat,
Barcelona,Baix Llobregat Sud,Esplugues de Llobregat,
Barcelona,Baix Llobregat Sud,Gavà,
Barcelona,Baix Llobregat Sud,Molins de Rei,
Barcelona,Baix Llobregat Sud,Sant Boi de Llobregat,
Barcelona,Baix Llobregat Sud,Sant Feliu de Llobregat,
Barcelona,Baix Llobregat Sud,Sant Joan Despí,
Barcelona,Baix Llobregat Sud,Sant Just Desvern,
Barcelona,Baix Llobregat Sud,Sant Vicenç Dels Horts,
Barcelona,Baix Llobregat Sud,Santa Coloma-Sant Climent,
Barcelona,Baix Llobregat Sud,Torrelles de Llobregat,
Barcelona,Baix Llobregat Sud,Viladecans,
Barcelona,Barcelonés,Badalona,Bonavista
Barcelona,Barcelonés,Badalona,Bufalà
Barcelona,Barcelonés,Badalona,Canyet
Barcelona,Barcelonés,Badalona,Casagemes - Canyadó
Barcelona,Barcelonés,Badalona,Centre
Barcelona,Barcelonés,Badalona,Gorg - Progrés
Barcelona,Barcelonés,Badalona,La Morera
Barcelona,Barcelonés,Badalona,La Salut - Lloreda - Sistrells
Barcelona,Barcelonés,Badalona,Llefià - Sant Roc - Artigues
Barcelona,Barcelonés,Badalona,Mas Ram
Barcelona,Barcelonés,Badalona,Montigalà -Sant Crist
Barcelona,Barcelonés,Badalona,Pomar
Barcelona,Barcelonés,Badalona,Port
Barcelona,Barcelonés,Hospitalet de Llobregat,Bellvitge
Barcelona,Barcelonés,Hospitalet de Llobregat,Can Serra - Pubilla Cases
Barcelona,Barcelonés,Hospitalet de Llobregat,Centre
Barcelona,Barcelonés,Hospitalet de Llobregat,Collblanc
Barcelona,Barcelonés,Hospitalet de Llobregat,Gran Via L-H
Barcelona,Barcelonés,Hospitalet de Llobregat,La Florida - Les Planes
Barcelona,Barcelonés,Hospitalet de Llobregat,La Torrasa
Barcelona,Barcelonés,Hospitalet de Llobregat,Santa Eulàlia
Barcelona,Barcelonés,Sant Adriá de Besós,El Besós
Barcelona,Barcelonés,Sant Adriá de Besós,La Catalana
Barcelona,Barcelonés,Sant Adriá de Besós,La Mina
Barcelona,Barcelonés,Sant Adriá de Besós,La Verneda
Barcelona,Barcelonés,Sant Adriá de Besós,Sant Adriá Nord
Barcelona,Barcelonés,Sant Adriá de Besós,Sant Joan Baptista
Barcelona,Barcelonés,Santa Coloma de Gramenet,Centre
Barcelona,Barcelonés,Santa Coloma de Gramenet,El Raval
Barcelona,Barcelonés,Santa Coloma de Gramenet,Fondo
Barcelona,Barcelonés,Santa Coloma de Gramenet,Riera Alta - Llatí
Barcelona,Barcelonés,Santa Coloma de Gramenet,Riu
Barcelona,Barcelonés,Santa Coloma de Gramenet,Santa Rosa - Can Mariner
Barcelona,Barcelonés,Santa Coloma de Gramenet,Singuerlín
Barcelona,Berguedà,Alt Berguedà,
Barcelona,Berguedà,Baix Berguedà,
Barcelona,Berguedà,Berga,
Barcelona,Garraf,Sant Pere de Ribes,
Barcelona,Garraf,Sitges,
Barcelona,Garraf,Vilanova i la Geltrú,
Barcelona,Garraf,Canyelles,
Barcelona,Garraf,Castellet i la Gornal,
Barcelona,Garraf,Cubelles,
Barcelona,Garraf,Olivella,
Barcelona,Maresme,Alella,
Barcelona,Maresme,Arenys de Mar,
Barcelona,Maresme,Arenys de Munt,
Barcelona,Maresme,Argentona,
Barcelona,Maresme,Cabrera de Mar,
Barcelona,Maresme,Cabrils,
Barcelona,Maresme,Caldes d'Estrac,
Barcelona,Maresme,Calella,
Barcelona,Maresme,Canet de Mar,
Barcelona,Maresme,Dosrius,
Barcelona,Maresme,El Masnou,
Barcelona,Maresme,Fogars de la Selva,
Barcelona,Maresme,Malgrat de Mar,
Barcelona,Maresme,Mataró,
Barcelona,Maresme,Montgat,
Barcelona,Maresme,Òrrius,
Barcelona,Maresme,Palafolls,
Barcelona,Maresme,Pineda de Mar,
Barcelona,Maresme,Premià de Dalt,
Barcelona,Maresme,Premiá de Mar,
Barcelona,Maresme,Sant Andreu de Llavaneres,
Barcelona,Maresme,Sant Cebrià-Sant Iscle,
Barcelona,Maresme,Sant Pol de Mar,
Barcelona,Maresme,Sant Vicenç de Montalt,
Barcelona,Maresme,Santa Susanna,
Barcelona,Maresme,Teià,
Barcelona,Maresme,Tiana,
Barcelona,Maresme,Tordera,
Barcelona,Maresme,Vilassar de Dalt,
Barcelona,Maresme,Vilassar de Mar,
Barcelona,Moianès,Área Castellterçol,
Barcelona,Moianès,Área Santa Maria d'Oló-Calders,
Barcelona,Moianès,Moià-Collsuspina,
Barcelona,Osona,Área de Centelles,
Barcelona,Osona,Área de Guilleries-Collsacabra,
Barcelona,Osona,Área de Lluçanès-Voltregà,
Barcelona,Osona,Manlleu,
Barcelona,Osona,Área de Taradell,
Barcelona,Osona,Área de Tona,
Barcelona,Osona,Área de Torelló,
Barcelona,Osona,Vic,
Barcelona,Osona,Seva - El Brull,
Barcelona,Vallès Occidental,Área de Barberà del Vallès - Badia,Badia del Vallès
Barcelona,Vallès Occidental,Área de Barberà del Vallès - Badia,Barberà del Vallès
Barcelona,Vallès Occidental,Castellbisbal,
Barcelona,Vallès Occidental,Cerdanyola del Vallès,Centre
Barcelona,Vallès Occidental,Cerdanyola del Vallès,Bellaterra
Barcelona,Vallès Occidental,Área de Palau-Solità,Palau-Solità i Plegamans
Barcelona,Vallès Occidental,Área de Palau-Solità,Polinyà
Barcelona,Vallès Occidental,Rubí,Ca n'Oriol - Can Rosés
Barcelona,Vallès Occidental,Rubí,Can Alzamora - Les Torres - 25 de Setembre
Barcelona,Vallès Occidental,Rubí,Can Fatjó
Barcelona,Vallès Occidental,Rubí,Can Serrafossà - La Perla - Els Avets
Barcelona,Vallès Occidental,Rubí,Centre
Barcelona,Vallès Occidental,Rubí,Mercat
Barcelona,Vallès Occidental,Rubí,Sant Jordi - El Castell
Barcelona,Vallès Occidental,Rubí,Sant Muç - Castellnou - Can Mir
Barcelona,Vallès Occidental,Rubí,Zona Nord
Barcelona,Vallès Occidental,Sabadell,Ca N'Oriac - Can Puiggener
Barcelona,Vallès Occidental,Sabadell,Can Feu
Barcelona,Vallès Occidental,Sabadell,Can Gambús
Barcelona,Vallès Occidental,Sabadell,Centre
Barcelona,Vallès Occidental,Sabadell,Els Merinals
Barcelona,Vallès Occidental,Sabadell,Gràcia
Barcelona,Vallès Occidental,Sabadell,La Concòrdia - Can Rull
Barcelona,Vallès Occidental,Sabadell,La Creu Alta
Barcelona,Vallès Occidental,Sabadell,La Creu de Barberà - Avinguda - Eixample
Barcelona,Vallès Occidental,Sabadell,Poblenou
Barcelona,Vallès Occidental,Sabadell,Torre-romeu
Barcelona,Vallès Occidental,Sant Cugat del Vallès,Arxius
Barcelona,Vallès Occidental,Sant Cugat del Vallès,Can Barata
Barcelona,Vallès Occidental,Sant Cugat del Vallès,Can Matas
Barcelona,Vallès Occidental,Sant Cugat del Vallès,Centre - Estació
Barcelona,Vallès Occidental,Sant Cugat del Vallès,Coll Favà - Can Magí
Barcelona,Vallès Occidental,Sant Cugat del Vallès,Eixample
Barcelona,Vallès Occidental,Sant Cugat del Vallès,Golf
Barcelona,Vallès Occidental,Sant Cugat del Vallès,La Floresta
Barcelona,Vallès Occidental,Sant Cugat del Vallès,Les Planes
Barcelona,Vallès Occidental,Sant Cugat del Vallès,Mirasol
Barcelona,Vallès Occidental,Sant Cugat del Vallès,Monestir
Barcelona,Vallès Occidental,Sant Cugat del Vallès,Parc Central - Colomer
Barcelona,Vallès Occidental,Sant Cugat del Vallès,Sant Domènec
Barcelona,Vallès Occidental,Sant Cugat del Vallès,Sant Francesc
Barcelona,Vallès Occidental,Sant Cugat del Vallès,Torreblanca
Barcelona,Vallès Occidental,Sant Cugat del Vallès,Valldoreix
Barcelona,Vallès Occidental,Sant Cugat del Vallès,Volpelleres
Barcelona,Vallès Occidental,Sant Quirze del Vallès,
Barcelona,Vallès Occidental,Santa Perpètua de Mogoda,
Barcelona,Vallès Occidental,St.Llorenç Savall-Gallifa,
Barcelona,Vallès Occidental,Terrassa,Ca n'Anglada - Montserrat - Torre-sana
Barcelona,Vallès Occidental,Terrassa,Ca n'Aurell
Barcelona,Vallès Occidental,Terrassa,Can Boada
Barcelona,Vallès Occidental,Terrassa,Can Gonteres
Barcelona,Vallès Occidental,Terrassa,Can Jofresa - Can Perellada - Les Fonts
Barcelona,Vallès Occidental,Terrassa,Can Palet - Xúquer
Barcelona,Vallès Occidental,Terrassa,Can Palet de Vistalegre
Barcelona,Vallès Occidental,Terrassa,Centre
Barcelona,Vallès Occidental,Terrassa,La Cogullada
Barcelona,Vallès Occidental,Terrassa,La Grípia - Sant Llorenç
Barcelona,Vallès Occidental,Terrassa,La Maurina
Barcelona,Vallès Occidental,Terrassa,Les Martines
Barcelona,Vallès Occidental,Terrassa,Roc Blanc
Barcelona,Vallès Occidental,Terrassa,Sant Pere Nord - Ègara
Barcelona,Vallès Occidental,Terrassa,Segle XX
Barcelona,Vallès Occidental,Terrassa,Vallparadís - Escoles
Barcelona,Vallès Occidental,Terrassa,Zona Esportiva - Sant Pere
Barcelona,Vallès Occidental,Área de Viladecavalls,
Barcelona,Vallès Occidental,Castellar del Vallès,
Barcelona,Vallès Occidental,Matadepera,
Barcelona,Vallès Occidental,Montcada i Reixac,
Barcelona,Vallès Occidental,Ripollet,
Barcelona,Vallès Occidental,Sentmenat,
Barcelona,Vallès Oriental,Área de Lliçà,
Barcelona,Vallès Oriental,Área de Palautordera,
Barcelona,Vallès Oriental,Área de Vilamajor - Montseny,
Barcelona,Vallès Oriental,Bigues i Riells,
Barcelona,Vallès Oriental,Caldes de Montbui,
Barcelona,Vallès Oriental,Campins-Fogars de Montclús-Gualba,
Barcelona,Vallès Oriental,Canovelles,
Barcelona,Vallès Oriental,Cardedeu,
Barcelona,Vallès Oriental,Granollers,Centre
Barcelona,Vallès Oriental,Granollers,Congost - Can Gili - Estació del Nord
Barcelona,Vallès Oriental,Granollers,Font Verda
Barcelona,Vallès Oriental,Granollers,Instituts - Ponent
Barcelona,Vallès Oriental,Granollers,L'Hostal - Lledoner
Barcelona,Vallès Oriental,Granollers,Palou
Barcelona,Vallès Oriental,Granollers,Sant Miquel - Tres Torres
Barcelona,Vallès Oriental,L'Ametlla del Vallès,
Barcelona,Vallès Oriental,La Garriga,
Barcelona,Vallès Oriental,La Roca-Vilanova,
Barcelona,Vallès Oriental,Les Franqueses del Vallès,
Barcelona,Vallès Oriental,Llinars del Vallès,
Barcelona,Vallès Oriental,Mollet del Vallès,
Barcelona,Vallès Oriental,Montmeló,
Barcelona,Vallès Oriental,Montornès del Vallès,
Barcelona,Vallès Oriental,Parets del Vallès,
Barcelona,Vallès Oriental,Sant Antoni de Vilamajor,
Barcelona,Vallès Oriental,Sant Celoni,
Barcelona,Vallès Oriental,Sant Feliu de Codines,
Barcelona,Vallès Oriental,Sant Fost-Vallromanes-Martorelles,
Barcelona,Vallès Oriental,Santa Eulàlia de Ronçana,
Barcelona,Vallès Oriental,Vallgorguina-Vilalba Sasserra,
Burgos,Área de Burgos,Área de Arcos - Villagonzalo de Pedernales,
Burgos,Área de Burgos,Área de Cardeñajimeno,
Burgos,Área de Burgos,Área de Ibeas de Juarros,
Burgos,Área de Burgos,Área de Quintanilla,
Burgos,Área de Burgos,Burgos,Capiscol - Gamonal
Burgos,Área de Burgos,Burgos,Casco Antiguo
Burgos,Área de Burgos,Burgos,Centro
Burgos,Área de Burgos,Burgos,Fuentecillas-S7-S8
Burgos,Área de Burgos,Burgos,Illera
Burgos,Área de Burgos,Burgos,Plantío - Alcampo
Burgos,Área de Burgos,Burgos,San Pedro de la Fuente
Burgos,Área de Burgos,Burgos,Universidad - Las Huelgas
Burgos,Área de Burgos,Burgos,Villafría - La Ventilla - Castañares
Burgos,Área de Burgos,Burgos,Villatoro
Burgos,Área de Burgos,Burgos,Villimar - V1 - V2 - S3 - S4 - San Cristobal
Burgos,Área de Burgos,Burgos,Yagüe-Villalonquejar
Burgos,Área de Burgos,Burgos,Zona sur - Bº Cortes
Burgos,Área de Arlanza,,
Burgos,Área de Demanda,,
Cáceres,Área de Alcántara,,
Cáceres,Área de Cáceres,Área de Casar de Cáceres,
Cáceres,Área de Cáceres,Área de Montánchez,
Cáceres,Área de Cáceres,Cáceres,Aguas Vivas - La Zambomba
Cáceres,Área de Cáceres,Cáceres,Aldea Moret - La Cañada
Cáceres,Área de Cáceres,Cáceres,Campus Universitario
Cáceres,Área de Cáceres,Cáceres,Casco Antiguo
Cáceres,Área de Cáceres,Cáceres,Centro
Cáceres,Área de Cáceres,Cáceres,Ceres Golf
Cáceres,Área de Cáceres,Cáceres,Estación Arroyo Malpartida
Cáceres,Área de Cáceres,Cáceres,Montesol - Mejostilla
Cáceres,Área de Cáceres,Cáceres,Ruta de la Plata
Cáceres,Área de Cáceres,Cáceres,Sur
Cáceres,Área de Cáceres,Cáceres,Valdesalor-Rincón de Ballesteros
Cáceres,Campo Arañuelo,,
Cáceres,El Jerte,Área de Malpartida de Plasencia,
Cáceres,El Jerte,Plasencia,Centro Ciudad
Cáceres,El Jerte,Plasencia,Los Pinos-El Pilar
Cáceres,El Jerte,Plasencia,Miralvalle-Av. Virgen del Puerto-La Data
Cáceres,El Jerte,Plasencia,Zona Norte-Hospital-Urbanizaciones
Cáceres,El Jerte,Plasencia,Zona Sur-Av. de España-San Miguel
Cáceres,El Jerte,Oliva de Plasencia-Villar de Plasencia,
Cáceres,El Jerte,Valle del Jerte,
Cáceres,La Vera,Área de Jaraíz de la Vera,
Cáceres,La Vera,Área de Jarandilla de la Vera,
Cáceres,La Vera,Área de Villanueva de la Vera,
Cáceres,Área de las Hurdes-Ambroz,,
Cáceres,Área de Sierra de Gata,,
Cáceres,Área de Trujillo,,
Cáceres,Área de Valle del Alagón,,
Cáceres,Villuercas - Ibores - Jara,,
Cádiz,Bahía de Cádiz,Chiclana de la Frontera,La Banda - Campo de Fútbol
Cádiz,Bahía de Cádiz,Chiclana de la Frontera,La Barrosa
Cádiz,Bahía de Cádiz,Chiclana de la Frontera,La Soledad
Cádiz,Bahía de Cádiz,Chiclana de la Frontera,Las Lagunas - Campano
Cádiz,Bahía de Cádiz,Chiclana de la Frontera,Los Gallos - La Coquina
Cádiz,Bahía de Cádiz,Chiclana de la Frontera,Novo Sancti Petri
Cádiz,Bahía de Cádiz,Chiclana de la Frontera,Núcleo Urbano
Cádiz,Bahía de Cádiz,Chiclana de la Frontera,Pelagatos - Pago del Humo
Cádiz,Bahía de Cádiz,Chiclana de la Frontera,Pinar de los Franceses - Marquesado
Cádiz,Bahía de Cádiz,Chiclana de la Frontera,San Andrés Golf
Cádiz,Bahía de Cádiz,Chiclana de la Frontera,Sancti Petri
Cádiz,Bahía de Cádiz,Puerto Real,
Cádiz,Bahía de Cádiz,San Fernando,
Cádiz,Bahía de Cádiz,Cádiz,Ayuntamiento - Catedral
Cádiz,Bahía de Cádiz,Cádiz,Centro Histórico - Plaza España
Cádiz,Bahía de Cádiz,Cádiz,Cortadura - Zona Franca
Cádiz,Bahía de Cádiz,Cádiz,La Caleta - La Viña
Cádiz,Bahía de Cádiz,Cádiz,La Paz - Segunda Aguada - Loreto
Cádiz,Bahía de Cádiz,Cádiz,Mentidero - Teatro Falla - Alameda
Cádiz,Bahía de Cádiz,Cádiz,Playa Stª Mª del Mar
Cádiz,Bahía de Cádiz,Cádiz,Playa Victoria - Paseo Marítimo
Cádiz,Bahía de Cádiz,Cádiz,Zona Bahía Blanca
Cádiz,Bahía de Cádiz,Cádiz,Zona Laguna
Cádiz,Bahía de Cádiz,Cádiz,Zona San José - Varela
Cádiz,Bahía de Cádiz,El Puerto de Santa María,Centro
Cádiz,Bahía de Cádiz,El Puerto de Santa María,Crevillet - Pinar Alto
Cádiz,Bahía de Cádiz,El Puerto de Santa María,Ctra Sanlúcar-Zona Cuatro Pinos
Cádiz,Bahía de Cádiz,El Puerto de Santa María,El Juncal - Vallealto
Cádiz,Bahía de Cádiz,El Puerto de Santa María,Valdelagrana
Cádiz,Bahía de Cádiz,El Puerto de Santa María,Vistahermosa - Fuentebravía
Cádiz,Campiña de Jerez,Algar,
Cádiz,Campiña de Jerez,Jerez de la Frontera,Avda. Caballero Bonald - San José Obrero - Guadalcacín
Cádiz,Campiña de Jerez,Jerez de la Frontera,Avenida - Divina Pastora - Plaza de Toros
Cádiz,Campiña de Jerez,Jerez de la Frontera,Centro
Cádiz,Campiña de Jerez,Jerez de la Frontera,Chapín - Campus Universitario - Navinco
Cádiz,Campiña de Jerez,Jerez de la Frontera,El Retiro - Parque Atlántico - Ronda este
Cádiz,Campiña de Jerez,Jerez de la Frontera,El Rocío - La Milagrosa
Cádiz,Campiña de Jerez,Jerez de la Frontera,Jerez norte - Montealto - Pozoalbero
Cádiz,Campiña de Jerez,Jerez de la Frontera,Jerez Oeste
Cádiz,Campiña de Jerez,Jerez de la Frontera,Jerez sur
Cádiz,Campiña de Jerez,Jerez de la Frontera,Madre de Dios - Vallesequillo
Cádiz,Campiña de Jerez,Jerez de la Frontera,Pedanías Este
Cádiz,Campiña de Jerez,Jerez de la Frontera,Picadueñas
Cádiz,Campiña de Jerez,San José del Valle,Santiago - Coronación
Cádiz,Campo de Gibraltar,Algeciras,Centro
Cádiz,Campo de Gibraltar,Algeciras,El Rinconcillo - San José Artesano
Cádiz,Campo de Gibraltar,Algeciras,La Granja - La Colina - Los Pastores
Cádiz,Campo de Gibraltar,Algeciras,La Reconquista - El Ensanche
Cádiz,Campo de Gibraltar,Algeciras,Los Pinos
Cádiz,Campo de Gibraltar,Algeciras,Puerta Europa-Virgen de la Palma-Estación
Cádiz,Campo de Gibraltar,Algeciras,Saladillo - La Piñera
Cádiz,Campo de Gibraltar,Algeciras,San Bernabé
Cádiz,Campo de Gibraltar,Algeciras,San García - La Juliana
Cádiz,Campo de Gibraltar,Área de los Barrios - Jimena de la Frontera,Castellar de la Frontera
Cádiz,Campo de Gibraltar,Área de los Barrios - Jimena de la Frontera,Jimena de la Frontera
Cádiz,Campo de Gibraltar,Área de los Barrios - Jimena de la Frontera,Los Barrios
Cádiz,Campo de Gibraltar,Área de los Barrios - Jimena de la Frontera,San Martín del Tesorillo
Cádiz,Campo de Gibraltar,Sotogrande,Puerto de Sotogrande-La Marina
Cádiz,Campo de Gibraltar,Sotogrande,San Enrique-Guadiaro-Pueblo Nuevo
Cádiz,Campo de Gibraltar,Sotogrande,Sotogrande Alto
Cádiz,Campo de Gibraltar,Sotogrande,Sotogrande Costa
Cádiz,Campo de Gibraltar,Sotogrande,Torreguadiaro-San Diego
Cádiz,Campo de Gibraltar,Área de Tarifa,
Cádiz,Campo de Gibraltar,La Alcaidesa,
Cádiz,Campo de Gibraltar,La Linea de la Concepcion,
Cádiz,Campo de Gibraltar,San Roque,
Cádiz,Costa noroeste,Trebujena,
Cádiz,Costa noroeste,Chipiona,
Cádiz,Costa noroeste,Rota,
Cádiz,Costa noroeste,Sanlúcar de Barrameda,Ayuntamiento-Barrio Alto
Cádiz,Costa noroeste,Sanlúcar de Barrameda,Bonanza-Avda de Huelva-Bº Andalucia
Cádiz,Costa noroeste,Sanlúcar de Barrameda,Centro-Calzada-Cabo Noval
Cádiz,Costa noroeste,Sanlúcar de Barrameda,Ctra Jerez-Ctra del Puerto
Cádiz,Costa noroeste,Sanlúcar de Barrameda,El Pino-Bajo de Guía
Cádiz,Costa noroeste,Sanlúcar de Barrameda,La Jara
Cádiz,Costa noroeste,Sanlúcar de Barrameda,Las Palmeras-Dehesilla
Cádiz,Costa noroeste,Sanlúcar de Barrameda,Martín Miguel
Cádiz,Costa noroeste,Sanlúcar de Barrameda,Monteolivete-Camino Sevilla
Cádiz,Costa noroeste,Sanlúcar de Barrameda,V Centenario-Piletas-Capuchinos
Cádiz,La Janda,Barbate,
Cádiz,La Janda,Conil de la Frontera,
Cádiz,La Janda,Área de Medina Sidonia,
Cádiz,La Janda,Área de Vejer de la Frontera,
Cádiz,La Janda,Zahara de los Atunes,
Cádiz,Sierra de Cádiz,Arcos de la Frontera,
Cádiz,Sierra de Cádiz,Área de Grazalema,
Cádiz,Sierra de Cádiz,Área de Olvera,
Cádiz,Sierra de Cádiz,Ubrique,
Cádiz,Sierra de Cádiz,Área de Villamartín,
Cantabria,Área de San Vicente de la Barquera,,
Cantabria,Área de Santander,Santa Cruz de Bezana,
Cantabria,Área de Santander,Área de el Astillero,
Cantabria,Área de Santander,Área de Miengo,
Cantabria,Área de Santander,Piélagos,
Cantabria,Área de Santander,Área de Villaescusa,
Cantabria,Área de Santander,Camargo,
Cantabria,Área de Santander,Santander,Alisal - Cazoña - San Román
Cantabria,Área de Santander,Santander,Castilla - Hermida
Cantabria,Área de Santander,Santander,Centro - Ayuntamiento
Cantabria,Área de Santander,Santander,Cuatro Caminos
Cantabria,Área de Santander,Santander,Cueto
Cantabria,Área de Santander,Santander,El Sardinero
Cantabria,Área de Santander,Santander,General Dávila
Cantabria,Área de Santander,Santander,La Pereda
Cantabria,Área de Santander,Santander,Los Castros
Cantabria,Área de Santander,Santander,Monte
Cantabria,Área de Santander,Santander,Numancia - San Fernando
Cantabria,Área de Santander,Santander,Peñacastillo - Nuevamontaña
Cantabria,Área de Santander,Santander,Puerto Chico
Cantabria,Área de Santander,Santander,Valdenoja
Cantabria,Asón-Agüera,Alto Asón-Valle de Villaverde,
Cantabria,Asón-Agüera,Ampuero,
Cantabria,Asón-Agüera,Guriezo,
Cantabria,Asón-Agüera,Limpias,
Cantabria,Asón-Agüera,Ramales de la Victoria,
Cantabria,Asón-Agüera,Rasines,
Cantabria,Besaya,Área de los Corrales de Buena,
Cantabria,Besaya,Área de Molledo,
Cantabria,Besaya,Polanco,
Cantabria,Besaya,Suances,
Cantabria,Besaya,Torrelavega,
Cantabria,Campoo-Los Valles,Área de Reinosa,
Cantabria,Campoo-Los Valles,Santiurde - Campo de Yuso - Las Rozas,
Cantabria,Campoo-Los Valles,Valdeolea - Valdeprado del Río - Valderredible,
Cantabria,Costa Occidental,Alfoz de Lloredo-Ruiloba,
Cantabria,Costa Occidental,Área de Cabezón de la Sal,
Cantabria,Costa Occidental,Comillas,
Cantabria,Costa Occidental,Reocín,
Cantabria,Costa Occidental,Santillana de Mar,
Cantabria,Costa Oriental,Castro-Urdiales,Baltezana-Ontón
Cantabria,Costa Oriental,Castro-Urdiales,Brazomar
Cantabria,Costa Oriental,Castro-Urdiales,Centro
Cantabria,Costa Oriental,Castro-Urdiales,Cotolino
Cantabria,Costa Oriental,Castro-Urdiales,Mioño-Santullán
Cantabria,Costa Oriental,Castro-Urdiales,Oriñón-Allendagua
Cantabria,Costa Oriental,Castro-Urdiales,Otañes
Cantabria,Costa Oriental,Castro-Urdiales,Playa Ostende
Cantabria,Costa Oriental,Castro-Urdiales,Samano
Cantabria,Costa Oriental,Colindres,
Cantabria,Costa Oriental,Laredo,
Cantabria,Costa Oriental,Liendo,
Cantabria,Área de Liébana,,
Cantabria,Área de Saja - Nansa,,
Cantabria,Trasmiera,Área de Arnuero-Isla,
Cantabria,Trasmiera,Área de Bareyo,
Cantabria,Trasmiera,Área de Entrambasaguas,
Cantabria,Trasmiera,Área de Medio Cudeyo,
Cantabria,Trasmiera,Ribamontan al Mar,
Cantabria,Trasmiera,Argoños-Escalante,
Cantabria,Trasmiera,Barcena de Cicero,
Cantabria,Trasmiera,Hazas de Cesto-Solozano,
Cantabria,Trasmiera,Liérganes-Riotuerto-Miera,
Cantabria,Trasmiera,Marina de Cudeyo,
Cantabria,Trasmiera,Meruelo,
Cantabria,Trasmiera,Noja,
Cantabria,Trasmiera,Ribamontan al Monte,
Cantabria,Trasmiera,Santoña,
Cantabria,Trasmiera,Voto,
Cantabria,Valles Pasiegos,Área de Toranzo,
Cantabria,Valles Pasiegos,Área de Vilafrufre-San Roque de Riomera,
Cantabria,Valles Pasiegos,Luena-San Pedro-Vega de Pas,
Cantabria,Valles Pasiegos,Puente Viesgo-Castañeda,
Cantabria,Valles Pasiegos,Santa Maria de Cayon,
Castellón,Alt Maestrat,,
Castellón,Alto Mijares,,
Castellón,Alto Palancia,Altura,
Castellón,Alto Palancia,Área de Viver,
Castellón,Alto Palancia,Jérica,
Castellón,Alto Palancia,Segorbe,
Castellón,Alto Palancia,Serra d'Espadà,
Castellón,Baix Maestrat,Área de Alcossebre,Alcalá de Chivert
Castellón,Baix Maestrat,Área de Alcossebre,Alcossebre
Castellón,Baix Maestrat,Área de Rossell,
Castellón,Baix Maestrat,Área de San Jorge,Calig
Castellón,Baix Maestrat,Área de San Jorge,Cervera del Maestre
Castellón,Baix Maestrat,Área de San Jorge,San Jorge
Castellón,Baix Maestrat,Área de San Jorge,Santa Magdalena de Pulpis
Castellón,Baix Maestrat,Benicarló,Zona Mar Chica
Castellón,Baix Maestrat,Benicarló,Zona Papa Luna
Castellón,Baix Maestrat,Benicarló,Zona Pueblo
Castellón,Baix Maestrat,Benicarló,Zona Puerto Playa
Castellón,Baix Maestrat,Peñíscola,Casco Antiguo
Castellón,Baix Maestrat,Peñíscola,Centro
Castellón,Baix Maestrat,Peñíscola,Costa sur
Castellón,Baix Maestrat,Peñíscola,La Volta
Castellón,Baix Maestrat,Peñíscola,Las Atalayas - Urmi - Cerro Mar
Castellón,Baix Maestrat,Peñíscola,Llandels
Castellón,Baix Maestrat,Peñíscola,Playa norte
Castellón,Baix Maestrat,Vinarós,Cala Puntal - Zona Costa sur
Castellón,Baix Maestrat,Vinarós,Casco Urbano
Castellón,Baix Maestrat,Vinarós,Vistabella - Closa de Vinarós
Castellón,Baix Maestrat,Vinarós,Zona Boverals
Castellón,Baix Maestrat,Vinarós,Zona Costa norte
Castellón,Baix Maestrat,Vinarós,Zona Salinas
Castellón,Els Ports,,
Castellón,L'Alcalaten,Alcora,
Castellón,L'Alcalaten,Área de Chodos,
Castellón,L'Alcalaten,Área de Lucena del Cid,
Castellón,Plana Alta,Almazora,Centro
Castellón,Plana Alta,Almazora,La Vila-Darremur
Castellón,Plana Alta,Almazora,Les Boqueres-Zona norte
Castellón,Plana Alta,Almazora,Playa de Almazora-Ben Afeli
Castellón,Plana Alta,Área de Benlloch,
Castellón,Plana Alta,Área de Borriol,
Castellón,Plana Alta,Cabanes,
Castellón,Plana Alta,Torreblanca,
Castellón,Plana Alta,El Grau de Castelló,
Castellón,Plana Alta,Benicasim,Benicassim Golf
Castellón,Plana Alta,Benicasim,Curva
Castellón,Plana Alta,Benicasim,Els Terrers
Castellón,Plana Alta,Benicasim,Heliópolis - Eurosol
Castellón,Plana Alta,Benicasim,Montornes - Las Palmas - El Refugio
Castellón,Plana Alta,Benicasim,Pueblo
Castellón,Plana Alta,Benicasim,Torreón - La Almadraba
Castellón,Plana Alta,Benicasim,Voramar
Castellón,Plana Alta,Castellón de la Plana,Centro
Castellón,Plana Alta,Castellón de la Plana,Este
Castellón,Plana Alta,Castellón de la Plana,Norte
Castellón,Plana Alta,Castellón de la Plana,Oeste
Castellón,Plana Alta,Castellón de la Plana,Parque Sensal
Castellón,Plana Alta,Castellón de la Plana,Sur
Castellón,Plana Alta,Oropesa del Mar,El Balcó - Jaume I
Castellón,Plana Alta,Oropesa del Mar,Marina d'Or
Castellón,Plana Alta,Oropesa del Mar,Torre Bellver - La Renegá - Les Platgete'S
Castellón,Plana Alta,Oropesa del Mar,Zona Centro
Castellón,Plana Alta,Oropesa del Mar,Zona Playa de la Concha
Castellón,Plana Alta,Oropesa del Mar,Zona Playa Morro de Gos
Castellón,Plana Alta,Sant Joan de Moró,
Castellón,Plana Alta,Vall d'Alba,
Castellón,Plana Alta,Villafamés,
Castellón,Plana Baixa,,
Ceuta,Hacho - San Amaro,,
Ceuta,Zona Centro,,
Ceuta,Zona Muelle - Extrarradio,,
Ciudad Real,Área de Alcudia,,
Ciudad Real,Calatrava,Área de Almagro,
Ciudad Real,Calatrava,Área de Argamasilla,
Ciudad Real,Calatrava,Área de Carrión,
Ciudad Real,Calatrava,Área de Poblete,
Ciudad Real,Calatrava,Ciudad Real,Centro - Plaza Mayor
Ciudad Real,Calatrava,Ciudad Real,Ciudad Jardín
Ciudad Real,Calatrava,Ciudad Real,El Perchel
Ciudad Real,Calatrava,Ciudad Real,El Torreón - Los Ángeles - El Pilar
Ciudad Real,Calatrava,Ciudad Real,La Guija
Ciudad Real,Calatrava,Ciudad Real,La Morería
Ciudad Real,Calatrava,Ciudad Real,La Poblachuela
Ciudad Real,Calatrava,Ciudad Real,Larache
Ciudad Real,Calatrava,Ciudad Real,Los Rosales
Ciudad Real,Calatrava,Ciudad Real,Nuevo Hospital
Ciudad Real,Calatrava,Ciudad Real,Nuevo Parque
Ciudad Real,Calatrava,Ciudad Real,Plaza de Toros
Ciudad Real,Calatrava,Ciudad Real,Puerta de Toledo - Atalaya
Ciudad Real,Calatrava,Ciudad Real,Santa María-Pio XII
Ciudad Real,Calatrava,Miguelturra,
Ciudad Real,Calatrava,Puertollano,Centro
Ciudad Real,Calatrava,Puertollano,Ctra de Córdoba - Libertad
Ciudad Real,Calatrava,Puertollano,El Poblado - Abulagar
Ciudad Real,Calatrava,Puertollano,Las Mercedes - El Carmen
Ciudad Real,Calatrava,Puertollano,Pau 2 - 600
Ciudad Real,La Mancha,Área de Alcázar de San Juan,Alcazar de San Juan
Ciudad Real,La Mancha,Área de Alcázar de San Juan,Herencia
Ciudad Real,La Mancha,Área de Daimiel,Daimiel
Ciudad Real,La Mancha,Área de Daimiel,Villarrubia de los Ojos
Ciudad Real,La Mancha,Área de Manzanares,La Solana
Ciudad Real,La Mancha,Área de Manzanares,Llanos del Caudillo
Ciudad Real,La Mancha,Área de Manzanares,Manzanares
Ciudad Real,La Mancha,Área de Manzanares,Membrilla
Ciudad Real,La Mancha,Argamasilla-Ruidera,
Ciudad Real,La Mancha,Campo de Criptana-Pedro Muñoz,
Ciudad Real,La Mancha,Socuéllamos,
Ciudad Real,La Mancha,Tomelloso,
Ciudad Real,La Mancha,Valdepeñas,
Ciudad Real,Área de los Montes,,
Ciudad Real,Área de Montiel,,
Ciudad Real,Área de Sierra Morena,,
Córdoba,Área del Alto Guadalquivir,Adamuz,
Córdoba,Área del Alto Guadalquivir,Bujalance,
Córdoba,Área del Alto Guadalquivir,Cañete de las Torres,
Córdoba,Área del Alto Guadalquivir,El Carpio,
Córdoba,Área del Alto Guadalquivir,Montoro,
Córdoba,Área del Alto Guadalquivir,Pedro Abad,
Córdoba,Área del Alto Guadalquivir,Villa del Río,
Córdoba,Área del Alto Guadalquivir,Villafranca de Cordoba,
Córdoba,Alto Guadiato,,
Córdoba,Campiña sur-Campiña este,Área de Aguilar de la Frontera,
Córdoba,Campiña sur-Campiña este,Área de Baena,
Córdoba,Campiña sur-Campiña este,Puente Genil,
Córdoba,Campiña sur-Campiña este,Fernán Núñez-Monte Mayor,
Córdoba,Córdoba,Brillante - Trassierra - Naranjo,
Córdoba,Córdoba,Brillante - Trassierra - Naranjo,
Córdoba,Córdoba,Brillante - Trassierra - Naranjo,
Córdoba,Córdoba,Brillante - Trassierra - Naranjo,
Córdoba,Córdoba,Campo de la Verdad,
Córdoba,Córdoba,Centro - Casco Histórico,Casco Histórico - Corredera - Ribera
Córdoba,Córdoba,Centro - Casco Histórico,Casco Histórico - Ollerías - Marrubial
Córdoba,Córdoba,Centro - Casco Histórico,Centro
Córdoba,Córdoba,Centro - Casco Histórico,Cercadilla - Medina Azahara
Córdoba,Córdoba,Centro - Casco Histórico,El Vial - Ronda de Tejares
Córdoba,Córdoba,Centro - Casco Histórico,Judería - San Basilio
Córdoba,Córdoba,Centro - Casco Histórico,San Cayetano
Córdoba,Córdoba,Ciudad Jardín,
Córdoba,Córdoba,Fuensanta - Zona Arcángel,
Córdoba,Córdoba,Levante - Lepanto - Fátima,Alcolea
Córdoba,Córdoba,Levante - Lepanto - Fátima,El Cairo
Córdoba,Córdoba,Levante - Lepanto - Fátima,Fátima - Campiñuela
Córdoba,Córdoba,Levante - Lepanto - Fátima,La Viñuela
Córdoba,Córdoba,Levante - Lepanto - Fátima,Levante
Córdoba,Córdoba,Noreña - Figueroa,Carretera Trassierra - Colonia de la Paz
Córdoba,Córdoba,Noreña - Figueroa,Miralbaida - Parque Azahara
Córdoba,Córdoba,Noreña - Figueroa,Noreña - Turruñuelos
Córdoba,Córdoba,Noreña - Figueroa,Tablero
Córdoba,Córdoba,Periurbano Oeste,El Higuerón
Córdoba,Córdoba,Periurbano Oeste,Encinarejo de Córdoba
Córdoba,Córdoba,Periurbano Oeste,Villarrubia
Córdoba,Córdoba,Santa Rosa - Valdeolleros,
Córdoba,Córdoba,Sector Sur - Santa Cruz,
Córdoba,Córdoba,Zoco - Poniente - Vistalegre,
Córdoba,La Subbética,Área de Benameji-Encinas Reales,
Córdoba,La Subbética,Área de Cabra-Rute,Cabra
Córdoba,La Subbética,Área de Cabra-Rute,Iznajar
Córdoba,La Subbética,Área de Cabra-Rute,Rute
Córdoba,La Subbética,Lucena,Centro
Córdoba,La Subbética,Lucena,El Carmen - La Barrera
Córdoba,La Subbética,Lucena,El Valle
Córdoba,La Subbética,Lucena,Hoya del Molino
Córdoba,La Subbética,Lucena,Jauja
Córdoba,La Subbética,Lucena,Las Tinajerías - Juderías
Córdoba,La Subbética,Lucena,Las Vegas - Campoaras
Córdoba,La Subbética,Lucena,Navas del Sepillar
Córdoba,La Subbética,Lucena,Poleares
Córdoba,La Subbética,Lucena,San Francisco
Córdoba,La Subbética,Área de Priego de Córdoba,
Córdoba,Los Pedroches,,
Córdoba,Vega del Guadalquivir,Almodovar del Río,
Córdoba,Vega del Guadalquivir,Área de Carlota-La Victoria,
Córdoba,Vega del Guadalquivir,Área de Hornachuelos-Posadas,
Córdoba,Vega del Guadalquivir,Palma del Río,
Córdoba,Vega del Guadalquivir,Fuente Palmera,
Córdoba,Vega del Guadalquivir,Guadalcazar,
Cuenca,Área de la Alcarria,,
Cuenca,Mancha Alta,Área de Horcajo de Santiago,
Cuenca,Mancha Alta,Área de Montalbo - Honrubia,
Cuenca,Mancha Alta,Área de Tarancón,
Cuenca,Área de Mancha Baja,,
Cuenca,Área de Manchuela,,
Cuenca,Área de Serranía Alta,,
Cuenca,Área de Serranía Baja,,
Cuenca,Serranía Media,Área de Arcas,
Cuenca,Serranía Media,Área de Villalba de la Sierra,
Cuenca,Serranía Media,Cuenca,
Girona,Alt Empordà,Área de Boadella,
Girona,Alt Empordà,Cadaqués,
Girona,Alt Empordà,Castelló d'Empúries,
Girona,Alt Empordà,Figueres,Centre
Girona,Alt Empordà,Figueres,Creu de la Ma - Rally Sur
Girona,Alt Empordà,Figueres,Fossos - Ctra. Rose
Girona,Alt Empordà,Figueres,L'Eixample
Girona,Alt Empordà,Figueres,Marca del Ham - Vilatenim
Girona,Alt Empordà,Figueres,Parc Bosc - Castell
Girona,Alt Empordà,Figueres,Poblenou - L'Oliva Gran
Girona,Alt Empordà,Área de l'Albera,
Girona,Alt Empordà,Llançà,
Girona,Alt Empordà,Área de Peralada-Cabanes,
Girona,Alt Empordà,Área de Vilafant,
Girona,Alt Empordà,El Port de la Selva,
Girona,Alt Empordà,Empuriabrava,Alberes
Girona,Alt Empordà,Empuriabrava,Cap Ras - Creus - Falconera
Girona,Alt Empordà,Empuriabrava,Carlit - Montseny
Girona,Alt Empordà,Empuriabrava,Carmençó
Girona,Alt Empordà,Empuriabrava,Francolí - Freser - Noguera
Girona,Alt Empordà,Empuriabrava,Montgrí
Girona,Alt Empordà,Empuriabrava,Moxó - Sant Mori
Girona,Alt Empordà,Empuriabrava,Muga - Gran Reserva - Badia
Girona,Alt Empordà,Empuriabrava,Peni
Girona,Alt Empordà,Empuriabrava,Port Banyuls - Port Alegre - Port Empordà
Girona,Alt Empordà,Empuriabrava,Port Grec - Port Moxó
Girona,Alt Empordà,Empuriabrava,Puigmal - Mas Nou
Girona,Alt Empordà,Empuriabrava,Requesens
Girona,Alt Empordà,Empuriabrava,Salins - Cavall de Mar
Girona,Alt Empordà,Empuriabrava,Sant Maurici
Girona,Alt Empordà,Empuriabrava,Segre - Ebre - Ter
Girona,Alt Empordà,Empuriabrava,Tordera - Fluvià - Llobregat
Girona,Alt Empordà,L'Escala,
Girona,Alt Empordà,Llado - Navata,
Girona,Alt Empordà,Portbou - Colera,
Girona,Alt Empordà,Roses,Centre
Girona,Alt Empordà,Roses,Els Grecs - Mas Oliva
Girona,Alt Empordà,Roses,Nord
Girona,Alt Empordà,Roses,Port Esportiu - Puig Rom - Canyelles
Girona,Alt Empordà,Roses,Salatar
Girona,Alt Empordà,Roses,Santa Margarida
Girona,Alt Empordà,Sant Pere Pescador,
Girona,Alt Empordà,Torroella - Ventalló,
Girona,Baix Empordà,Área de la Bisbal d'Empordà,
Girona,Baix Empordà,Torroella de Montgrí,
Girona,Baix Empordà,Área de Verges-Corça,
Girona,Baix Empordà,Begur,Aiguafreda - Sa Tuna
Girona,Baix Empordà,Begur,Begur
Girona,Baix Empordà,Begur,Fornells - Aiguablava
Girona,Baix Empordà,Begur,Residencial Begur - Esclanyà
Girona,Baix Empordà,Begur,Sa Riera - Sa Fontansa
Girona,Baix Empordà,Calonge,Cabanyes-Mas Ambrós-Mas Pallí
Girona,Baix Empordà,Calonge,Calonge Poble
Girona,Baix Empordà,Calonge,Mas Pere-Río de Oro
Girona,Baix Empordà,Calonge,Puig Ses Forques-Torre Colomina
Girona,Baix Empordà,Calonge,Sant Antoni
Girona,Baix Empordà,Calonge,Torre Valentina-Mas Vilar de La Mutxada-Treumal
Girona,Baix Empordà,Castell-Platja d'Aro,Castell d'Aro
Girona,Baix Empordà,Castell-Platja d'Aro,Platja d'Aro
Girona,Baix Empordà,Castell-Platja d'Aro,S'Agaró
Girona,Baix Empordà,Mont-Ras - Vall-Llobrega,
Girona,Baix Empordà,Palafrugell,Calella
Girona,Baix Empordà,Palafrugell,Llafranc
Girona,Baix Empordà,Palafrugell,Llofriu-Barceloneta
Girona,Baix Empordà,Palafrugell,Tamariu
Girona,Baix Empordà,Palafrugell,Vila de Palafrugell
Girona,Baix Empordà,Palamós,Avinguda Catalunya
Girona,Baix Empordà,Palamós,Centre-El Pedró
Girona,Baix Empordà,Palamós,La Fosca-Cala Margarida
Girona,Baix Empordà,Palamós,Platja Gran
Girona,Baix Empordà,Palamós,Sant Joan-Vilarromà
Girona,Baix Empordà,Pals,
Girona,Baix Empordà,Regencós,
Girona,Baix Empordà,Sant Feliu de Guíxols,Barri de Tueda
Girona,Baix Empordà,Sant Feliu de Guíxols,Casa Nova - Sant Amanç - Pedralta
Girona,Baix Empordà,Sant Feliu de Guíxols,Centre
Girona,Baix Empordà,Sant Feliu de Guíxols,L'Eixample
Girona,Baix Empordà,Sant Feliu de Guíxols,Port Salvi - Puntabrava
Girona,Baix Empordà,Sant Feliu de Guíxols,Sant Pol - Volta de l'Ametller
Girona,Baix Empordà,Sant Feliu de Guíxols,Vilartagues i Tueda de Dalt
Girona,Baix Empordà,Santa Cristina d'Aro,El Mas Trempat
Girona,Baix Empordà,Santa Cristina d'Aro,Golf Costa Brava - Bufaganyes
Girona,Baix Empordà,Santa Cristina d'Aro,Les Teules - Mas Pla
Girona,Baix Empordà,Santa Cristina d'Aro,Rosamar
Girona,Baix Empordà,Santa Cristina d'Aro,Santa Cristina Poble
Girona,Baix Empordà,Santa Cristina d'Aro,Urbanitzacions del nord
Girona,Gironès,Área de Bescanó,
Girona,Gironès,Área de Celrá,
Girona,Gironès,Girona,Barri Vell
Girona,Gironès,Girona,Carme-Vistalegre
Girona,Gironès,Girona,Devesa
Girona,Gironès,Girona,Eixample
Girona,Gironès,Girona,Fontajau-Domeny
Girona,Gironès,Girona,Migdia Casernes
Girona,Gironès,Girona,Montilivi-Pericot
Girona,Gironès,Girona,Montjuïc
Girona,Gironès,Girona,Palau
Girona,Gironès,Girona,Pont Major-Pedret
Girona,Gironès,Girona,Sant Daniel-Vila Roja
Girona,Gironès,Girona,Sant Narcís
Girona,Gironès,Girona,Santa Eugenia
Girona,Gironès,Girona,Talaia - Germans Sabat
Girona,Gironès,Área de Llagostera,Cassà de la Selva
Girona,Gironès,Área de Llagostera,Llagostera
Girona,Gironès,Área de Llagostera,Sant Andreu Salou
Girona,Gironès,Área de Quart,
Girona,Gironès,Área de Sant Gregori,
Girona,Gironès,Salt,
Girona,La Cerdanya,Alp,
Girona,La Cerdanya,Área de Ger-Bolvir,
Girona,La Cerdanya,Fontanals-Das-Urús,
Girona,La Cerdanya,Llívia,
Girona,La Cerdanya,Puigcerdà,
Girona,La Garrotxa,Área de Castellfollit de la Roca,
Girona,La Garrotxa,Olot,
Girona,La Garrotxa,Área de Vall d'En Bas,
Girona,La Selva,Arbúcies,
Girona,La Selva,Área de Anglès-Vilobí d'Onyar,
Girona,La Selva,Área de Riells - Breda,
Girona,La Selva,Área de Sant Feliu - Hostalric - Massanes,
Girona,La Selva,Blanes,Cala Sant Francesc - Santa Cristina
Girona,La Selva,Blanes,Centre
Girona,La Selva,Blanes,Els Pavos
Girona,La Selva,Blanes,Els Pins
Girona,La Selva,Blanes,La Plantera
Girona,La Selva,Blanes,Mont Ferrant - Sant Joan
Girona,La Selva,Blanes,Semicentre
Girona,La Selva,Blanes,Urbanitzacions
Girona,La Selva,Caldes de Malavella,
Girona,La Selva,Lloret de Mar,Barri Dels Pescadors
Girona,La Selva,Lloret de Mar,Can Carbó - Mas Baell
Girona,La Selva,Lloret de Mar,Can Sabata
Girona,La Selva,Lloret de Mar,Canyelles
Girona,La Selva,Lloret de Mar,Casc Antic
Girona,La Selva,Lloret de Mar,Comtat de Jaruco - Puigventós
Girona,La Selva,Lloret de Mar,El Molí - El Rieral
Girona,La Selva,Lloret de Mar,Fenals
Girona,La Selva,Lloret de Mar,Montgoda
Girona,La Selva,Lloret de Mar,Roca Grossa
Girona,La Selva,Lloret de Mar,Santa Clotilde
Girona,La Selva,Lloret de Mar,Serra Brava
Girona,La Selva,Lloret de Mar,Urbanitzacions
Girona,La Selva,Maçanet de la Selva,Maçanet de la Selva poble
Girona,La Selva,Maçanet de la Selva,Mas Altaba-El Molí
Girona,La Selva,Maçanet de la Selva,Montbarbat
Girona,La Selva,Maçanet de la Selva,Residencial Park
Girona,La Selva,Santa Coloma de Farners,
Girona,La Selva,Sierra de las Guillerías,
Girona,La Selva,Sils-Riudarenes,Riudarenes
Girona,La Selva,Sils-Riudarenes,Sils
Girona,La Selva,Tossa de Mar,La Pola i Giverola-Salionç
Girona,La Selva,Tossa de Mar,Santa María de Llorell
Girona,La Selva,Tossa de Mar,Tossa de Mar
Girona,La Selva,Vidreres,Aiguaviva Parc
Girona,La Selva,Vidreres,Centro
Girona,La Selva,Vidreres,La Goba
Girona,La Selva,Vidreres,Terrafortuna - Puig Vento
Girona,Pla de l'Estany,Área de Porqueres,
Girona,Pla de l'Estany,Área de Vilademuls,
Girona,Pla de l'Estany,Banyoles,
Girona,Ripollès,Área de Ripoll,
Girona,Ripollès,Vall de Camprodon,
Girona,Ripollès,Vall de Ribes,
Granada,Alpujarra Granadina,,
Granada,Área de Baza,Baza,
Granada,Área de Baza,Benamaurel,
Granada,Área de Baza,Caniles,
Granada,Área de Baza,Cortes de Baza,
Granada,Área de Baza,Cuevas del Campo,
Granada,Área de Baza,Cullar,
Granada,Área de Baza,Freila,
Granada,Área de Baza,Zujar,
Granada,Área de Granada,Albolote,
Granada,Área de Granada,Alhendin,Carretera de Granada-La Alcazaba
Granada,Área de Granada,Alhendin,Urbanizaciones
Granada,Área de Granada,Alhendin,Zona Ayuntamiento
Granada,Área de Granada,Alhendin,Zona Polideportivo
Granada,Área de Granada,Área de Alfacar,
Granada,Área de Granada,Atarfe,Cármenes - Ríos
Granada,Área de Granada,Atarfe,Centro
Granada,Área de Granada,Atarfe,Mediterráneo - Ronda Lindaraja
Granada,Área de Granada,Atarfe,Pantano de Cubillas
Granada,Área de Granada,Atarfe,Plaza de Toros
Granada,Área de Granada,Atarfe,Santa Adela - Parque Leyva Loro
Granada,Área de Granada,Atarfe,Zona Sur
Granada,Área de Granada,Área de Güejar Sierra,
Granada,Área de Granada,Ogijares,
Granada,Área de Granada,Otura,
Granada,Área de Granada,Armilla,Avda. de los Ogijares
Granada,Área de Granada,Armilla,Campus de la Salud
Granada,Área de Granada,Armilla,Las Tres Cruces
Granada,Área de Granada,Armilla,San Antón
Granada,Área de Granada,Armilla,San Miguel
Granada,Área de Granada,Armilla,Zona Poniente
Granada,Área de Granada,Calicasas-Peligros,
Granada,Área de Granada,Cenes de la Vega-Pinos Genil,
Granada,Área de Granada,Churriana de la Vega,
Granada,Área de Granada,Cúllar-Vega - Vegas del Genil,
Granada,Área de Granada,Fuente Vaqueros-Chauchina,
Granada,Área de Granada,Gójar - Dilar,
Granada,Área de Granada,Granada,Albaicín
Granada,Área de Granada,Granada,Almanjayar
Granada,Área de Granada,Granada,Barrio de los Periodistas
Granada,Área de Granada,Granada,Bola de Oro
Granada,Área de Granada,Granada,Campus de la Salud
Granada,Área de Granada,Granada,Centro
Granada,Área de Granada,Granada,Cervantes-Palacio de Deportes
Granada,Área de Granada,Granada,Ctra Sierra - Acceso Nuevo Alhambra
Granada,Área de Granada,Granada,Figares
Granada,Área de Granada,Granada,Joaquina Eguaras
Granada,Área de Granada,Granada,La Chana
Granada,Área de Granada,Granada,Los Pajaritos - Plaza de Toros
Granada,Área de Granada,Granada,Norte
Granada,Área de Granada,Granada,Realejo
Granada,Área de Granada,Granada,Ronda - Arabial
Granada,Área de Granada,Granada,San Francisco Javier
Granada,Área de Granada,Granada,San Ildefonso
Granada,Área de Granada,Granada,Zaidín
Granada,Área de Granada,Huétor Vega-Cájar,
Granada,Área de Granada,La Zubia,
Granada,Área de Granada,Láchar-Cijuela,
Granada,Área de Granada,Las Gabias,
Granada,Área de Granada,Maracena,
Granada,Área de Granada,Monachil,
Granada,Área de Granada,Pinos-Puente,
Granada,Área de Granada,Pulianas - Jun,
Granada,Área de Granada,Santa Fe,
Granada,Área de Granada,Sierra Nevada,
Granada,Área de Guadix,Guadix,
Granada,Área de Guadix,Parque Gorafe,
Granada,Área de Guadix,Valle de los Ríos Alhama - Fardes,
Granada,Área de Guadix,Valle del Zalabi - Huéneja,
Granada,Área de Huéscar,Castilléjar,
Granada,Área de Huéscar,Castril,
Granada,Área de Huéscar,Galera,
Granada,Área de Huéscar,Huéscar,
Granada,Área de Huéscar,Orce,
Granada,Área de Huéscar,Puebla de Don Fadrique,
Granada,Costa Tropical,Almuñécar,Almuñecar Centro
Granada,Costa Tropical,Almuñécar,Cotobro
Granada,Costa Tropical,Almuñécar,El Rescate - Río Seco
Granada,Costa Tropical,Almuñécar,La Herradura
Granada,Costa Tropical,Almuñécar,Torrecuevas - Lomas del Gato
Granada,Costa Tropical,Almuñécar,Velilla - Velilla Taramay
Granada,Costa Tropical,Área de Albuñol,
Granada,Costa Tropical,Área de Castell de Ferro,
Granada,Costa Tropical,Área de Molvízar,
Granada,Costa Tropical,Motril,Calahonda - Carchuna
Granada,Costa Tropical,Motril,El Varadero
Granada,Costa Tropical,Motril,Los Tablones - La Garnatilla
Granada,Costa Tropical,Motril,Motril pueblo
Granada,Costa Tropical,Motril,Playa Granada
Granada,Costa Tropical,Salobreña,Centro
Granada,Costa Tropical,Salobreña,La Caleta - La Guardia
Granada,Costa Tropical,Salobreña,Lobres
Granada,Costa Tropical,Salobreña,Monte los Almendros - El Pargo - Costa Aguilera
Granada,Costa Tropical,Salobreña,Salobreña Costa
Granada,Costa Tropical,Torrenueva Costa,
Granada,Costa Tropical,Vélez de Benaudalla,
Granada,Los Montes,,
Granada,Poniente Granadino,Área de Alhama de Granada,
Granada,Poniente Granadino,Área de Huétor-Tájar,
Granada,Poniente Granadino,Área de Illora,Illora
Granada,Poniente Granadino,Área de Illora,Moclin
Granada,Poniente Granadino,Área de Illora,Montefrio
Granada,Poniente Granadino,Área de Illora,Olivares
Granada,Poniente Granadino,Área de Loja,Algarinejo
Granada,Poniente Granadino,Área de Loja,Loja
Granada,Poniente Granadino,Área de Loja,Zagra
Granada,Poniente Granadino,Área de Ventas de Huelma,
Granada,Valle de Lecrín,Durcal,
Granada,Valle de Lecrín,Nigüelas - Lecrín - El Pinar,
Granada,Valle de Lecrín,Padul,
Granada,Valle de Lecrín,Villamena - Albuñuelas - El Valle,
Guadalajara,Alcarria Alta,,
Guadalajara,Alcarria Baja,,
Guadalajara,Campiña,Área de Alovera - Chiloeches,
Guadalajara,Campiña,Área de Pioz,
Guadalajara,Campiña,Área de Torrejón del Rey,
Guadalajara,Campiña,Área de Uceda,
Guadalajara,Campiña,Área del Casar,
Guadalajara,Campiña,Azuqueca de Henares,
Guadalajara,Campiña,Cabanillas - Marchamalo,
Guadalajara,Campiña,Guadalajara,Aguas Vivas
Guadalajara,Campiña,Guadalajara,Alamín
Guadalajara,Campiña,Guadalajara,Casco Histórico
Guadalajara,Campiña,Guadalajara,Constitución-El Balconcillo
Guadalajara,Campiña,Guadalajara,El Clavín-Valdeluz
Guadalajara,Campiña,Guadalajara,Estación-Manantiales
Guadalajara,Campiña,Guadalajara,Iriépal-Taracena-Valdenoches
Guadalajara,Campiña,Guadalajara,Las Cañas
Guadalajara,Campiña,Guadalajara,Las Lomas-Salinera-La Muñeca
Guadalajara,Campiña,Guadalajara,Los Valles-Sanz Vázquez-El Fuerte
Guadalajara,Campiña,Guadalajara,Plan Sur-Amistad
Guadalajara,Campiña,Guadalajara,San Roque-Concordia-Adoratrices
Guadalajara,Campiña,Guadalajara,Usanos
Guadalajara,Campiña,Hontoba-Loranca de Tajuña,
Guadalajara,Campiña,Pastrana-Yebra,
Guadalajara,Campiña,Torija-Armuña de Tajuña,
Guadalajara,Campiña,Vega del Henares,
Guadalajara,Campiña,Yebes-Horche,
Guadalajara,Molina de Aragón,,
Guadalajara,Sierra,Área de Sigüenza,
Guadalajara,Sierra,Atienza-Jadraque,
Guadalajara,Sierra,Cogolludo-Tamajón-Espinosa de Henares,
Gipuzkoa,Alto Deba,Área de Bergara,
Gipuzkoa,Alto Deba,Área de Mondragón,
Gipuzkoa,Alto Deba,Oñati,
Gipuzkoa,Bajo Bidasoa,Hondarribia,
Gipuzkoa,Bajo Bidasoa,Irun,
Gipuzkoa,Bajo Deba,Área de Deba,
Gipuzkoa,Bajo Deba,Área de Eibar,
Gipuzkoa,Bajo Deba,Área de Elgoibar,
Gipuzkoa,Donostialdea,Área de Hernani,
Gipuzkoa,Donostialdea,Área de Lasarte,
Gipuzkoa,Donostialdea,Área de Pasaia,
Gipuzkoa,Donostialdea,Donostia-San Sebastián,Aiete
Gipuzkoa,Donostialdea,Donostia-San Sebastián,Altza-Bidebieta
Gipuzkoa,Donostialdea,Donostia-San Sebastián,Amara
Gipuzkoa,Donostialdea,Donostia-San Sebastián,Antiguo
Gipuzkoa,Donostialdea,Donostia-San Sebastián,Ategorrieta-Ulia
Gipuzkoa,Donostialdea,Donostia-San Sebastián,Atotxa Erreka - Zubieta
Gipuzkoa,Donostialdea,Donostia-San Sebastián,Centro-Miraconcha
Gipuzkoa,Donostialdea,Donostia-San Sebastián,Egia
Gipuzkoa,Donostialdea,Donostia-San Sebastián,Gros
Gipuzkoa,Donostialdea,Donostia-San Sebastián,Ibaeta
Gipuzkoa,Donostialdea,Donostia-San Sebastián,Igeldo
Gipuzkoa,Donostialdea,Donostia-San Sebastián,Intxaurrondo
Gipuzkoa,Donostialdea,Donostia-San Sebastián,Loiola-Martutene
Gipuzkoa,Donostialdea,Donostia-San Sebastián,Miramon-Zorroaga
Gipuzkoa,Donostialdea,Donostia-San Sebastián,Parte Vieja
Gipuzkoa,Donostialdea,Renteria / Errenteria,
Gipuzkoa,Goierri,Área de Beasain - Lazcao,
Gipuzkoa,Goierri,Área de Gabiria - Idiazabal - Zegama,
Gipuzkoa,Goierri,Área de Legazpi - Zumarraga,
Gipuzkoa,Área de Tolosaldea,,
Gipuzkoa,Urola Kosta,Área de Azpeitia,
Gipuzkoa,Urola Kosta,Área de Zarautz,
Gipuzkoa,Urola Kosta,Área de Zumaia,
Huelva,El Andévalo,Andévalo Occidental,
Huelva,El Andévalo,Área de Minas,
Huelva,El Andévalo,Área de Valverde del Camino,
Huelva,El Andévalo,Área de Villanueva de los Castillejos,
Huelva,El Condado,Área de la Palma del Condado,
Huelva,El Condado,Área de Trigueros,
Huelva,El Condado,Bonares,
Huelva,El Condado,Gibraleon,
Huelva,La Costa,Almonte,Almonte
Huelva,La Costa,Almonte,El Rocío
Huelva,La Costa,Almonte,Matalascañas
Huelva,La Costa,Área de Aljaraque,
Huelva,La Costa,Área de Isla Cristina,
Huelva,La Costa,Lepe,
Huelva,La Costa,Área de Mazagon,
Huelva,La Costa,Ayamonte,Ayamonte Pueblo
Huelva,La Costa,Ayamonte,Costa Esuri
Huelva,La Costa,Ayamonte,Isla Canela
Huelva,La Costa,Ayamonte,Punta del Moral
Huelva,La Costa,Cartaya,Cartaya pueblo
Huelva,La Costa,Cartaya,El Rompido
Huelva,La Costa,Cartaya,Nuevo Portil
Huelva,La Costa,Huelva,Centro
Huelva,La Costa,Huelva,El Carmen - Cardeñas
Huelva,La Costa,Huelva,El Conquero
Huelva,La Costa,Huelva,Fuentepiña
Huelva,La Costa,Huelva,Isla Chica
Huelva,La Costa,Huelva,La Florida - Vistalegre
Huelva,La Costa,Huelva,La Hispanidad - Verdeluz
Huelva,La Costa,Huelva,La Orden
Huelva,La Costa,Huelva,Las Colonias
Huelva,La Costa,Huelva,Las Torres - Guadalupe
Huelva,La Costa,Huelva,Marismas del Polvorín
Huelva,La Costa,Huelva,Molino de la Vega - Zafra
Huelva,La Costa,Huelva,Nuevo Parque - Los Rosales - Tráfico Pesado
Huelva,La Costa,Huelva,Pescadería
Huelva,La Costa,Huelva,Reina Victoria - Matadero
Huelva,La Costa,Huelva,San Antonio
Huelva,La Costa,Huelva,Tres Ventanas
Huelva,La Costa,Islantilla,Islantilla Costa
Huelva,La Costa,Islantilla,Islantilla Golf
Huelva,La Costa,Islantilla,Urbasur
Huelva,La Costa,La Antilla,
Huelva,La Costa,Punta Umbria,El Rincón
Huelva,La Costa,Punta Umbria,Laguna de El Portil
Huelva,La Costa,Punta Umbria,Punta Umbría pueblo
Huelva,La Costa,Villablanca,
Huelva,Sierra,Área de Jabugo,
Huelva,Sierra,Santa Olalla de Cala,
Huelva,Sierra,Sierra de Aracena,
Huesca,Alto Gállego,Área de Biescas,Biescas
Huesca,Alto Gállego,Área de Biescas,Hoz de Jaca
Huesca,Alto Gállego,Área de Biescas,Yésero
Huesca,Alto Gállego,Área de Panticosa,El Pueyo de Jaca
Huesca,Alto Gállego,Área de Panticosa,Panticosa
Huesca,Alto Gállego,Área de Sallent de Gallego,Escarrilla
Huesca,Alto Gállego,Área de Sallent de Gallego,Formigal
Huesca,Alto Gállego,Área de Sallent de Gallego,Sallent de Gallego
Huesca,Alto Gállego,Área de Sallent de Gallego,Tramacastilla de Tena
Huesca,Alto Gállego,Caldearenas-Yebra de Basa,Caldearenas
Huesca,Alto Gállego,Caldearenas-Yebra de Basa,Yebra de Basa
Huesca,Alto Gállego,Sabiñanigo,La Guarguera
Huesca,Alto Gállego,Sabiñanigo,Las Margas Golf-Latas
Huesca,Alto Gállego,Sabiñanigo,Sabiñanigo Centro-Aurín
Huesca,Alto Gállego,Sabiñanigo,Sardas-Puente de Sabiñanigo
Huesca,Área de Cinca- La Litera,Albalate de Cinca,
Huesca,Área de Cinca- La Litera,Alcolea de Cinca,
Huesca,Área de Cinca- La Litera,Alfantega,
Huesca,Área de Cinca- La Litera,Almunia de San Juan,
Huesca,Área de Cinca- La Litera,Ballobar,
Huesca,Área de Cinca- La Litera,Belver de Cinca,
Huesca,Área de Cinca- La Litera,Binaced,
Huesca,Área de Cinca- La Litera,Candasnos,
Huesca,Área de Cinca- La Litera,Chalamera,
Huesca,Área de Cinca- La Litera,Fonz,
Huesca,Área de Cinca- La Litera,Fraga,
Huesca,Área de Cinca- La Litera,Monzon,
Huesca,Área de Cinca- La Litera,Ontiñena,
Huesca,Área de Cinca- La Litera,Osso de Cinca,
Huesca,Área de Cinca- La Litera,Pueyo de Santa Cruz,
Huesca,Área de Cinca- La Litera,San Miguel del Cinca,
Huesca,Área de Cinca- La Litera,Torrente de Cinca,
Huesca,Área de Cinca- La Litera,Velilla de Cinca,
Huesca,Área de Cinca- La Litera,Zaidin,
Huesca,Hoya de Huesca,Área de Almudévar,
Huesca,Hoya de Huesca,Área de Loporzano,
Huesca,Hoya de Huesca,Huesca,
Huesca,La Jacetania,Aísa,
Huesca,La Jacetania,Área de Canfranc,
Huesca,La Jacetania,Área de la Canal de Berdún,
Huesca,La Jacetania,Jaca,
Huesca,La Litera,Albelda,
Huesca,La Litera,Alcampell,
Huesca,La Litera,Altorricon,
Huesca,La Litera,Azanuy-Alins,
Huesca,La Litera,Baélls,
Huesca,La Litera,Baldellou,
Huesca,La Litera,Binéfar,
Huesca,La Litera,Camporrélls,
Huesca,La Litera,Castillonroy,
Huesca,La Litera,Esplus,
Huesca,La Litera,Peralta de Calasanz,
Huesca,La Litera,San Esteban de Litera,
Huesca,La Litera,Tamarite de Litera,
Huesca,La Litera,Vencillon,
Huesca,Área de los Monegros,,
Huesca,Ribagorza,Área de Benabarre,
Huesca,Ribagorza,Área de Campo,
Huesca,Ribagorza,Área de Isábena,
Huesca,Ribagorza,Entorno de Graus,
Huesca,Ribagorza,Ribagorza Oriental,
Huesca,Ribagorza,Valle Castanesa - Laspaúles,
Huesca,Ribagorza,Valle de Benasque,
Huesca,Área de Sobrarbe,,
Huesca,Área de Somontano de Barbastro,Barbastro,
Jaén,Área de Alto Guadalquivir,Cazorla,
Jaén,Área de Alto Guadalquivir,Chilluévar,
Jaén,Área de Alto Guadalquivir,Hinojares,
Jaén,Área de Alto Guadalquivir,Huesa,
Jaén,Área de Alto Guadalquivir,La Iruela,
Jaén,Área de Alto Guadalquivir,Peal de Becerro,
Jaén,Área de Alto Guadalquivir,Pozo Alcon,
Jaén,Área de Alto Guadalquivir,Quesada,
Jaén,Área de Alto Guadalquivir,Santo Tomé,
Jaén,Comarca norte - El Condado,Área de Bailén,Comarca norte - El Condado
Jaén,Comarca norte - El Condado,Área de Bailén,Comarca norte - El Condado
Jaén,Comarca norte - El Condado,Área de Bailén,Comarca norte - El Condado
Jaén,Comarca norte - El Condado,Área de Bailén,Comarca norte - El Condado
Jaén,Comarca norte - El Condado,Área de la Carolina,Baños de la Encina
Jaén,Comarca norte - El Condado,Área de la Carolina,Carboneros
Jaén,Comarca norte - El Condado,Área de la Carolina,La Carolina
Jaén,Comarca norte - El Condado,Área de la Carolina,Santa Elena
Jaén,Comarca norte - El Condado,Área del Condado,
Jaén,Comarca norte - El Condado,Linares,
Jaén,Jaén,Alcantarilla - La Glorieta,
Jaén,Jaén,Avda de Madrid - Pº de la Estación,
Jaén,Jaén,Belén - San Roque,
Jaén,Jaén,Ctra. Circunvalación - La Magdalena,
Jaén,Jaén,El Valle - Universidad,
Jaén,Jaén,Hospital,
Jaén,Jaén,Jabalcuz,
Jaén,Jaén,La Salobreja,
Jaén,Jaén,Peñamefecit - Avda Barcelona,
Jaén,Jaén,Puente Jontoya - Puente de la Sierra - El Arroyo,
Jaén,Jaén,Puente Tablas - Puente Nuevo - Cerro Molina,
Jaén,Jaén,Renfe - Bulevar,
Jaén,Jaén,San Bartolomé - Millán de Priego,
Jaén,Jaén,San Felipe - El Almendral - La Merced,
Jaén,Jaén,San Ildefonso - Catedral,
Jaén,Jaén,Santa Isabel,
Jaén,Jaén,Valdeastillas - Fuentezuelas,
Jaén,La Campiña,Andújar,
Jaén,La Campiña,Área de Marmolejo,
Jaén,La Campiña,Área de Mengíbar,
Jaén,La Campiña,Área de Torredelcampo,
Jaén,La Campiña,Área de Torredonjimeno,
Jaén,La Loma y las Villas,Área de Baeza,
Jaén,La Loma y las Villas,Área de Úbeda,
Jaén,La Loma y las Villas,Área de Villacarrillo - Villanueva del Arzobispo,
Jaén,Área de Sierra de Segura,,
Jaén,Sierra Mágina,Jódar - Huelma,
Jaén,Sierra Mágina,La Guardia de Jaén - Pegalar,
Jaén,Sierra Mágina,Mancha Real - Jimena,
Jaén,Sierra sur,Castillo de Locubín - Alcalá la Real - Frailes,
Jaén,Sierra sur,Los Villares - Valdepeñas de Jaén,
Jaén,Sierra sur,Martos - Alcaudete,
La Rioja,Área de Logroño,Alberite-Murillo de Río Leza,
La Rioja,Área de Logroño,Área de Albelda de Iregua,
La Rioja,Área de Logroño,Área de Galilea-Ausejo,
La Rioja,Área de Logroño,Lardero,
La Rioja,Área de Logroño,Área de Navarrete-Sojuela,
La Rioja,Área de Logroño,Villamediana de Iregua,
La Rioja,Área de Logroño,Cenicero-Fuenmayor,
La Rioja,Área de Logroño,Logroño,Cascajos - Piqueras
La Rioja,Área de Logroño,Logroño,Casco Antiguo
La Rioja,Área de Logroño,Logroño,Centro
La Rioja,Área de Logroño,Logroño,El Arco
La Rioja,Área de Logroño,Logroño,El Campillo - Polígono Cantabria
La Rioja,Área de Logroño,Logroño,La Cava
La Rioja,Área de Logroño,Logroño,La Portalada - Varea
La Rioja,Área de Logroño,Logroño,Oeste
La Rioja,Área de Logroño,Logroño,Portillejo - Valdegastea
La Rioja,Área de Logroño,Logroño,Residencia
La Rioja,Área de Logroño,Logroño,San Adrián - Siete Infantes
La Rioja,Área de Logroño,Logroño,Universidad - Los Lirios
La Rioja,Área de Logroño,Logroño,Zona Avda. de Madrid
La Rioja,Área de los Cameros,,
La Rioja,Rioja Alta,Área de Anguiano,
La Rioja,Rioja Alta,Área de Ezcaray,
La Rioja,Rioja Alta,Área de Haro,
La Rioja,Rioja Alta,Área de Nájera,
La Rioja,Rioja Alta,Área de Santo Domingo,
La Rioja,Rioja Alta,Cuzcurrita-Casalarreina,
La Rioja,Rioja Alta,San Vicente de la Sonsierra-Zaratón,
La Rioja,Rioja Baja,Área de Alfaro,
La Rioja,Rioja Baja,Área de Arnedo,
La Rioja,Rioja Baja,Área de Calahorra,
La Rioja,Rioja Baja,Área de Cervera,
Las Palmas,Fuerteventura,Antigua,
Las Palmas,Fuerteventura,Betancuria,
Las Palmas,Fuerteventura,La Oliva,Corralejo
Las Palmas,Fuerteventura,La Oliva,El Cotillo
Las Palmas,Fuerteventura,La Oliva,La Oliva
Las Palmas,Fuerteventura,La Oliva,Lajares
Las Palmas,Fuerteventura,La Oliva,Parque Holandés
Las Palmas,Fuerteventura,La Oliva,Tuineje
Las Palmas,Fuerteventura,Pajara,
Las Palmas,Fuerteventura,Puerto del Rosario,
Las Palmas,Fuerteventura,Tuineje,
Las Palmas,Gran Canaria,Agaete - Centro,
Las Palmas,Gran Canaria,Agüimes,
Las Palmas,Gran Canaria,Arucas,
Las Palmas,Gran Canaria,Firgas-Valleseco,
Las Palmas,Gran Canaria,Gáldar,
Las Palmas,Gran Canaria,Ingenio,
Las Palmas,Gran Canaria,Las Palmas de Gran Canaria,Carretera del Centro - Cono sur
Las Palmas,Gran Canaria,Las Palmas de Gran Canaria,Centro
Las Palmas,Gran Canaria,Las Palmas de Gran Canaria,Ciudad Alta
Las Palmas,Gran Canaria,Las Palmas de Gran Canaria,Puerto - Canteras
Las Palmas,Gran Canaria,Las Palmas de Gran Canaria,Tafira
Las Palmas,Gran Canaria,Las Palmas de Gran Canaria,Tamaraceite - San Lorenzo
Las Palmas,Gran Canaria,Las Palmas de Gran Canaria,Vegueta - Triana
Las Palmas,Gran Canaria,Mogán,Arguineguín
Las Palmas,Gran Canaria,Mogán,Los Caideros-Anfi del Mar
Las Palmas,Gran Canaria,Mogán,Mogán interior
Las Palmas,Gran Canaria,Mogán,Patalavaca
Las Palmas,Gran Canaria,Mogán,Puerto Rico
Las Palmas,Gran Canaria,Mogán,Taurito-Playa de Mogán
Las Palmas,Gran Canaria,Mogán,Tauro-Playa del Cura
Las Palmas,Gran Canaria,Moya-Santa Maria de Guia,
Las Palmas,Gran Canaria,San Bartolomé de Tirajana,Castillo del Romeral - Juan Grande
Las Palmas,Gran Canaria,San Bartolomé de Tirajana,El Salobre
Las Palmas,Gran Canaria,San Bartolomé de Tirajana,El Tablero
Las Palmas,Gran Canaria,San Bartolomé de Tirajana,Maspalomas-Meloneras
Las Palmas,Gran Canaria,San Bartolomé de Tirajana,Montaña la Data - Monte León
Las Palmas,Gran Canaria,San Bartolomé de Tirajana,Pasito Blanco - Santa Agueda
Las Palmas,Gran Canaria,San Bartolomé de Tirajana,Playa del Inglés
Las Palmas,Gran Canaria,San Bartolomé de Tirajana,Salobre Golf
Las Palmas,Gran Canaria,San Bartolomé de Tirajana,San Agustín-Bahía Feliz
Las Palmas,Gran Canaria,San Bartolomé de Tirajana,San Bartolomé Interior
Las Palmas,Gran Canaria,San Bartolomé de Tirajana,San Fernando
Las Palmas,Gran Canaria,San Bartolomé de Tirajana,Sonnenland
Las Palmas,Gran Canaria,San Mateo - Valsequillo,
Las Palmas,Gran Canaria,Santa Brigida,
Las Palmas,Gran Canaria,Santa Lucía de Tirajana,
Las Palmas,Gran Canaria,Telde,
Las Palmas,Gran Canaria,Teror,
Las Palmas,Lanzarote,Arrecife,
Las Palmas,Lanzarote,Haria,
Las Palmas,Lanzarote,San Bartolomé,
Las Palmas,Lanzarote,Teguise,
Las Palmas,Lanzarote,Tias,
Las Palmas,Lanzarote,Tinajo,
Las Palmas,Lanzarote,Yaiza,
León,Área de Babia- Laciana- Omaña,,
León,Bierzo- Ancares,Área de Bembibre,Bembibre
León,Bierzo- Ancares,Área de Bembibre,Castropodame
León,Bierzo- Ancares,Área de Bembibre,Congosto
León,Bierzo- Ancares,Área de Bembibre,Folgoso de la Ribera
León,Bierzo- Ancares,Área de Bembibre,Igüeña
León,Bierzo- Ancares,Área de Bembibre,Molinaseca
León,Bierzo- Ancares,Área de Bembibre,Noceda
León,Bierzo- Ancares,Área de Bembibre,Palacios del Sil
León,Bierzo- Ancares,Área de Bembibre,Paramo del Sil
León,Bierzo- Ancares,Área de Bembibre,Toreno
León,Bierzo- Ancares,Área de Bembibre,Torre del Bierzo
León,Bierzo- Ancares,Área de Bembibre,Villagaton
León,Bierzo- Ancares,Ponferrada,Campo-Los Barrios-Compludo
León,Bierzo- Ancares,Ponferrada,Centro
León,Bierzo- Ancares,Ponferrada,Compostilla-Columbrianos
León,Bierzo- Ancares,Ponferrada,Cuatrovientos
León,Bierzo- Ancares,Ponferrada,Dehesas
León,Bierzo- Ancares,Ponferrada,Flores de Sil
León,Bierzo- Ancares,Ponferrada,Puente Boeza - Otero - Zona Rural Sur
León,Bierzo- Ancares,Ponferrada,Zona Alta
León,Bierzo- Ancares,Área de Villafranca del Bierzo,
León,El Páramo,La Bañeza,
León,El Páramo,Páramo Alto,
León,El Páramo,Páramo Bajo,
León,El Páramo,Valle del Órbigo,
León,Las Montañas,Área de Boñar,
León,Las Montañas,Área de Cistierna,
León,Las Montañas,Área de La Robla,
León,Las Montañas,Área de Riaño,
León,Área de Maragatería- Cabrera,,
León,Área de Tierra de Campos,,
León,Tierras de León,León,Casco Antiguo
León,Tierras de León,León,Centro Ciudad
León,Tierras de León,León,Crucero - Pinilla
León,Tierras de León,León,El Ejido - Sta. Ana
León,Tierras de León,León,La Asunción - La Inmaculada
León,Tierras de León,León,La Chantría - La Lastra
León,Tierras de León,León,La Vega - Oteruelo
León,Tierras de León,León,Las Eras de Renueva
León,Tierras de León,León,Las Ventas
León,Tierras de León,León,Puente Castro
León,Tierras de León,León,San Esteban
León,Tierras de León,León,San Mamés - La Palomera
León,Tierras de León,Área de Valdefresno,
León,Tierras de León,Área de Valverde de la Virgen,
León,Tierras de León,Cuadros - Sariegos,Cuadros
León,Tierras de León,Cuadros - Sariegos,Sariegos
León,Tierras de León,San Andrés del Rabanedo,Ferral del Besnega
León,Tierras de León,San Andrés del Rabanedo,San Andrés del Rabanedo
León,Tierras de León,San Andrés del Rabanedo,Trobajo del Camino
León,Tierras de León,Villaquilambre - Garrafe de Torío,Garrafe de Torio
León,Tierras de León,Villaquilambre - Garrafe de Torío,Villaquilambre
Lleida,Área de Alt Urgell - Cerdanya,,
Lleida,Área de Alta Ribagorça,,
Lleida,Área de Balaguer,,
Lleida,Cerdanya,,
Lleida,Área Garrigues,,
Lleida,Área de Noguera,,
Lleida,Área de Pallars Jussà,,
Lleida,Área de Pallars Sobirà,,
Lleida,Pla d'Urgell,,
Lleida,Área de Segarra,,
Lleida,Segrià,Área de Alcarrás,
Lleida,Segrià,Área de Alcoletge,
Lleida,Segrià,Área de Alpicat,
Lleida,Segrià,Lleida,
Lleida,Segrià,Área de Roselló,
Lleida,Área de Solsonès,,
Lleida,Urgell,Área de Agramunt,
Lleida,Urgell,Área de Bellpuig-Guimerá,
Lleida,Urgell,Área de Tàrrega,
Lleida,Val d'Aran,Área de Baqueira,
Lleida,Val d'Aran,Área de Bossòst-Es Bòrdes,
Lleida,Val d'Aran,Área de Vielha,
Lugo,A Fonsagrada,,
Lugo,A Mariña,Área de Burela,
Lugo,A Mariña,Ribadeo,
Lugo,A Mariña,Viveiro,
Lugo,A Mariña,O Vicedo,
Lugo,A Mariña,Área Ourol-O Valadouro-Alfoz,
Lugo,A Mariña,Barreiros,
Lugo,A Mariña,Concello de Foz,
Lugo,A Mariña,Mondoñedo-A Pontenova,
Lugo,Ancares,,
Lugo,Área de Lugo,Área de Castroverde,
Lugo,Área de Lugo,Área de Friol,
Lugo,Área de Lugo,Lugo,Aceña de Olga - Augas Férreas
Lugo,Área de Lugo,Lugo,Avenida de A Coruña - Paradai
Lugo,Área de Lugo,Lugo,Fingoi
Lugo,Área de Lugo,Lugo,La Milagrosa
Lugo,Área de Lugo,Lugo,O Carme - Recatelo
Lugo,Área de Lugo,Lugo,Parroquias Este
Lugo,Área de Lugo,Lugo,Parroquias Oeste
Lugo,Área de Lugo,Lugo,Piringalla
Lugo,Área de Lugo,Lugo,Recinto Amurallado
Lugo,Área de Lugo,Lugo,Residencia - Abella
Lugo,Área de Lugo,Lugo,Sagrado Corazón
Lugo,Área de Lugo,Lugo,San Roque - As Fontiñas
Lugo,Chantada,,
Lugo,Lemos,A Pobra do Brollón,
Lugo,Lemos,Boveda,
Lugo,Lemos,Monforte de Lemos,
Lugo,Lemos,O Saviñao,
Lugo,Lemos,Panton,
Lugo,Lemos,Sober,
Lugo,Meira,,
Lugo,Quiroga,,
Lugo,Sarria,,
Lugo,Terra Chá,A Pastoriza,
Lugo,Terra Chá,Abadin,
Lugo,Terra Chá,Begonte,
Lugo,Terra Chá,Castro de Rei,
Lugo,Terra Chá,Cospeito,
Lugo,Terra Chá,Guitiriz,
Lugo,Terra Chá,Muras,
Lugo,Terra Chá,Villalba,
Lugo,Terra Chá,Xermade,
Lugo,Ulloa,,
Madrid,Corredor del Henares,Alcalá de Henares,Casco Histórico
Madrid,Corredor del Henares,Alcalá de Henares,Chorrillo
Madrid,Corredor del Henares,Alcalá de Henares,El Pilar - Bripac
Madrid,Corredor del Henares,Alcalá de Henares,Ensanche
Madrid,Corredor del Henares,Alcalá de Henares,Espartales
Madrid,Corredor del Henares,Alcalá de Henares,Juan de Austria
Madrid,Corredor del Henares,Alcalá de Henares,La Garena
Madrid,Corredor del Henares,Alcalá de Henares,Las Sedas - El Olivar
Madrid,Corredor del Henares,Alcalá de Henares,Polígono Europa
Madrid,Corredor del Henares,Alcalá de Henares,Pryconsa
Madrid,Corredor del Henares,Alcalá de Henares,Reyes Católicos
Madrid,Corredor del Henares,Alcalá de Henares,Rinconada
Madrid,Corredor del Henares,Alcalá de Henares,San Isidro - Los Almendros
Madrid,Corredor del Henares,Alcalá de Henares,Val
Madrid,Corredor del Henares,Alcalá de Henares,Venecia - Nueva Alcalá
Madrid,Corredor del Henares,Coslada,
Madrid,Corredor del Henares,Área de Loeches,
Madrid,Corredor del Henares,Área de Santos de la Humosa,
Madrid,Corredor del Henares,Área de Villalbilla,
Madrid,Corredor del Henares,Área Meco,
Madrid,Corredor del Henares,San Fernando de Henares,
Madrid,Corredor del Henares,Mejorada del Campo,
Madrid,Corredor del Henares,Torrejón de Ardoz,Noreste
Madrid,Corredor del Henares,Torrejón de Ardoz,Noroeste
Madrid,Corredor del Henares,Torrejón de Ardoz,Sureste
Madrid,Corredor del Henares,Torrejón de Ardoz,Suroeste
Madrid,Corredor del Henares,Velilla de San Antonio,
Madrid,Zona noroeste,Alpedrete,
Madrid,Zona noroeste,Área de Collado Mediano,
Madrid,Zona noroeste,Colmenarejo,
Madrid,Zona noroeste,Área de Mataelpino/Cerceda,
Madrid,Zona noroeste,Área de Navacerrada,
Madrid,Zona noroeste,San Lorenzo de El Escorial,
Madrid,Zona noroeste,Villanueva de la Cañada,
Madrid,Zona noroeste,Boadilla del Monte,
Madrid,Zona noroeste,Collado Villalba,
Madrid,Zona noroeste,El Escorial,
Madrid,Zona noroeste,Galapagar,
Madrid,Zona noroeste,Guadarrama,
Madrid,Zona noroeste,Hoyo de Manzanares,
Madrid,Zona noroeste,Las Rozas de Madrid,Club de Golf
Madrid,Zona noroeste,Las Rozas de Madrid,El Burgo
Madrid,Zona noroeste,Las Rozas de Madrid,El Cantizal
Madrid,Zona noroeste,Las Rozas de Madrid,El Pinar- Punta Galea
Madrid,Zona noroeste,Las Rozas de Madrid,Europolis
Madrid,Zona noroeste,Las Rozas de Madrid,La Chopera
Madrid,Zona noroeste,Las Rozas de Madrid,Las Matas- Peñascales
Madrid,Zona noroeste,Las Rozas de Madrid,Marazuela- El Torreón
Madrid,Zona noroeste,Las Rozas de Madrid,Molino de la Hoz
Madrid,Zona noroeste,Las Rozas de Madrid,Monte Rozas
Madrid,Zona noroeste,Las Rozas de Madrid,Montecillo
Madrid,Zona noroeste,Las Rozas de Madrid,Parque Empresarial
Madrid,Zona noroeste,Las Rozas de Madrid,Pinar de las Rozas
Madrid,Zona noroeste,Las Rozas de Madrid,Rozas Centro
Madrid,Zona noroeste,Las Rozas de Madrid,Yucatán- Las Cornisas
Madrid,Zona noroeste,Majadahonda,
Madrid,Zona noroeste,Moralzarzal,
Madrid,Zona noroeste,Pozuelo de Alarcón,ARPO
Madrid,Zona noroeste,Pozuelo de Alarcón,Somosaguas
Madrid,Zona noroeste,Pozuelo de Alarcón,Urbanizaciones
Madrid,Zona noroeste,Pozuelo de Alarcón,Zona Avenida Europa
Madrid,Zona noroeste,Pozuelo de Alarcón,Zona Estación
Madrid,Zona noroeste,Pozuelo de Alarcón,Zona norte
Madrid,Zona noroeste,Pozuelo de Alarcón,Zona Prado de Somosaguas - La Finca
Madrid,Zona noroeste,Pozuelo de Alarcón,Zona Pueblo
Madrid,Zona noroeste,Torrelodones,Casco Antiguo
Madrid,Zona noroeste,Torrelodones,Centro Comercial - Hospital
Madrid,Zona noroeste,Torrelodones,Colonia
Madrid,Zona noroeste,Torrelodones,El Gasco
Madrid,Zona noroeste,Torrelodones,La Berzosilla
Madrid,Zona noroeste,Torrelodones,Las Marías
Madrid,Zona noroeste,Torrelodones,Los Ángeles - Jarandilla
Madrid,Zona noroeste,Torrelodones,Los Peñascales
Madrid,Zona noroeste,Torrelodones,Los Robles
Madrid,Zona noroeste,Valdemorillo,
Madrid,Zona noroeste,Villanueva del Pardillo,
Madrid,Zona noroeste,Villaviciosa de Odón,
Madrid,Zona norte,Ajalvir,
Madrid,Zona norte,Alcobendas,
Madrid,Zona norte,Algete,
Madrid,Zona norte,Cobeña,
Madrid,Zona norte,Daganzo de Arriba,
Madrid,Zona norte,El Molar,
Madrid,Zona norte,Área de Fuente del Fresno - Club de Campo,
Madrid,Zona norte,Área de Fuente el Saz de Jarama,
Madrid,Zona norte,Área de Guadalix de la Sierra,
Madrid,Zona norte,Área de la Cabrera,
Madrid,Zona norte,La Moraleja,Arroyo de la Vega
Madrid,Zona norte,La Moraleja,El Soto de la Moraleja
Madrid,Zona norte,La Moraleja,Encinar de los Reyes
Madrid,Zona norte,La Moraleja,La Moraleja urbanización
Madrid,Zona norte,La Moraleja,La Solana
Madrid,Zona norte,La Moraleja,Parque Empresarial
Madrid,Zona norte,Área de la Sierra norte,
Madrid,Zona norte,Área de Manzanares el Real,
Madrid,Zona norte,Área de Pedrezuela,
Madrid,Zona norte,San Agustin de Guadalix,
Madrid,Zona norte,Área de Santo Domingo - Ciudalcampo,
Madrid,Zona norte,Área de Torrelaguna,
Madrid,Zona norte,Colmenar Viejo,
Madrid,Zona norte,Paracuellos de Jarama,
Madrid,Zona norte,San Sebastián de los Reyes,Centro Urbano
Madrid,Zona norte,San Sebastián de los Reyes,Dehesa Vieja-Puente Cultural
Madrid,Zona norte,San Sebastián de los Reyes,Los Arroyos
Madrid,Zona norte,San Sebastián de los Reyes,Pol. Industrial norte
Madrid,Zona norte,San Sebastián de los Reyes,Pol. Industrial sur
Madrid,Zona norte,San Sebastián de los Reyes,Praderón
Madrid,Zona norte,San Sebastián de los Reyes,Rosa Luxemburgo
Madrid,Zona norte,San Sebastián de los Reyes,Sta. Bárbara-La Zaporra
Madrid,Zona norte,San Sebastián de los Reyes,Tempranales
Madrid,Zona norte,San Sebastián de los Reyes,Vega de la Moraleja
Madrid,Zona norte,Tres Cantos,
Madrid,Zona norte,Valdetorres-Talamanca de Jarama,
Madrid,Zona sur,Alcorcón,Bellasvistas - Hipercor
Madrid,Zona sur,Alcorcón,Campodón - Ventorro del Cano
Madrid,Zona sur,Alcorcón,Centro
Madrid,Zona sur,Alcorcón,Parque Lisboa - La Paz
Madrid,Zona sur,Alcorcón,Parque oeste - Fuente Cisneros
Madrid,Zona sur,Alcorcón,Parque Ondarreta - Urtinsa
Madrid,Zona sur,Alcorcón,Prado de Santo Domingo
Madrid,Zona sur,Alcorcón,Valderas - Los Castillos
Madrid,Zona sur,Área de Humanes,
Madrid,Zona sur,Leganés,Centro
Madrid,Zona sur,Leganés,Derechos Humanos
Madrid,Zona sur,Leganés,El Carrascal
Madrid,Zona sur,Leganés,La Fortuna
Madrid,Zona sur,Leganés,Las Dehesillas-Vereda de los Estudiantes
Madrid,Zona sur,Leganés,Leganés norte
Madrid,Zona sur,Leganés,San Nicasio - Campo de Tiro - Solagua
Madrid,Zona sur,Leganés,Valdepelayo-Montepinos-Arroyo Culebro
Madrid,Zona sur,Leganés,Zarzaquemada
Madrid,Zona sur,Parla,Calle Pinto-San Roque
Madrid,Zona sur,Parla,Centro
Madrid,Zona sur,Parla,El Nido-Las Fuentes
Madrid,Zona sur,Parla,Fuentebella-San Felix-El Leguario
Madrid,Zona sur,Parla,La Ermita
Madrid,Zona sur,Parla,Laguna Park
Madrid,Zona sur,Parla,Las Américas
Madrid,Zona sur,Parla,Parla Este
Madrid,Zona sur,Parla,Parque Inlasa
Madrid,Zona sur,Parla,Pintores-Ferial
Madrid,Zona sur,Parla,Reyes
Madrid,Zona sur,Parla,Villayuventus-Renfe
Madrid,Zona sur,Área de Torrejón de Velasco,
Madrid,Zona sur,Valdemoro,Altos del Olivar - El Caracol
Madrid,Zona sur,Valdemoro,Brezo
Madrid,Zona sur,Valdemoro,Centro
Madrid,Zona sur,Valdemoro,Guardia Civil - Zona Industrial
Madrid,Zona sur,Valdemoro,Hispanoamérica - Comunidades
Madrid,Zona sur,Valdemoro,Hospital
Madrid,Zona sur,Valdemoro,Restón i - Restón Ii
Madrid,Zona sur,Valdemoro,Zona Estación
Madrid,Zona sur,Arroyomolinos,
Madrid,Zona sur,Batres - Serranillos del Valle,
Madrid,Zona sur,Ciempozuelos,
Madrid,Zona sur,Fuenlabrada,Centro
Madrid,Zona sur,Fuenlabrada,El Arroyo - La Fuente
Madrid,Zona sur,Fuenlabrada,El Naranjo
Madrid,Zona sur,Fuenlabrada,Fuenlabrada II - El Molino
Madrid,Zona sur,Fuenlabrada,La Avanzada - La Cueva
Madrid,Zona sur,Fuenlabrada,La Serna
Madrid,Zona sur,Fuenlabrada,Loranca
Madrid,Zona sur,Fuenlabrada,Parque Miraflores
Madrid,Zona sur,Fuenlabrada,Sudeste Industrial
Madrid,Zona sur,Fuenlabrada,Universidad - Hospital
Madrid,Zona sur,Getafe,Buenavista
Madrid,Zona sur,Getafe,El Bercial
Madrid,Zona sur,Getafe,El Rosón - Kelvinator
Madrid,Zona sur,Getafe,Getafe Centro
Madrid,Zona sur,Getafe,Getafe norte
Madrid,Zona sur,Getafe,Juan de la Cierva
Madrid,Zona sur,Getafe,La Alhóndiga
Madrid,Zona sur,Getafe,Los Molinos
Madrid,Zona sur,Getafe,Los Olivos - Los Ángeles
Madrid,Zona sur,Getafe,Perales del Rio
Madrid,Zona sur,Getafe,San Isidro
Madrid,Zona sur,Getafe,Sector
Madrid,Zona sur,Getafe,Universidad
Madrid,Zona sur,Griñón - Cubas de la Sagra - Casarrubuelos,
Madrid,Zona sur,Móstoles,Centro
Madrid,Zona sur,Móstoles,Coimbra - Guadarrama
Madrid,Zona sur,Móstoles,El Soto - Coveta
Madrid,Zona sur,Móstoles,Este
Madrid,Zona sur,Móstoles,Norte - Universidad
Madrid,Zona sur,Móstoles,Sur
Madrid,Zona sur,Móstoles,Suroeste
Madrid,Zona sur,Pinto,
Madrid,Zona sureste,Aranjuez,Centro
Madrid,Zona sureste,Aranjuez,Foso-Moreras
Madrid,Zona sureste,Aranjuez,La Montaña-El Cortijo
Madrid,Zona sureste,Aranjuez,Las Aves
Madrid,Zona sureste,Aranjuez,Nuevo Aranjuez-Ciudad de las Artes
Madrid,Zona sureste,Aranjuez,Vergel-Las Olivas
Madrid,Zona sureste,Arganda,Centro
Madrid,Zona sureste,Arganda,El Mirador - Grillero
Madrid,Zona sureste,Arganda,La Poveda
Madrid,Zona sureste,Arganda,Los Villares
Madrid,Zona sureste,Arganda,Perlita
Madrid,Zona sureste,Arganda,Zona Industrial
Madrid,Zona sureste,Área de Chinchón - Valdelaguna - Titulcia,
Madrid,Zona sureste,Área de Colmenar de Oreja,
Madrid,Zona sureste,Área de Nuevo Baztán,
Madrid,Zona sureste,Área de Perales de Tajuña,
Madrid,Zona sureste,San Martín de la Vega,
Madrid,Zona sureste,Área de Villarejo,
Madrid,Zona sureste,Campo Real,
Madrid,Zona sureste,Morata de Tajuña,
Madrid,Zona sureste,Rivas-Vaciamadrid,Casco Histórico
Madrid,Zona sureste,Rivas-Vaciamadrid,Covibar - Pablo Iglesias
Madrid,Zona sureste,Rivas-Vaciamadrid,Rivas Centro
Madrid,Zona sureste,Rivas-Vaciamadrid,Rivas Futura
Madrid,Zona sureste,Rivas-Vaciamadrid,Rivas Urbanizaciones
Madrid,Zona suroeste,Brunete,
Madrid,Zona suroeste,Área de Cadalso de los Vidrios,
Madrid,Zona suroeste,Área de Colmenar del Arroyo,
Madrid,Zona suroeste,Navalcarnero,Calypo
Madrid,Zona suroeste,Navalcarnero,Centro
Madrid,Zona suroeste,Navalcarnero,Covadonga - Los Manzanos
Madrid,Zona suroeste,Navalcarnero,El Pijorro
Madrid,Zona suroeste,Navalcarnero,La Dehesa - El Pinar
Madrid,Zona suroeste,Quijorna,
Madrid,Zona suroeste,Área de San Martín de Valdeiglesias,
Madrid,Zona suroeste,Sevilla la Nueva,
Madrid,Zona suroeste,El Álamo,
Madrid,Zona suroeste,Navas del Rey - Chapinería,
Madrid,Zona suroeste,Robledo de Chavela,
Madrid,Zona suroeste,Sta. María Alameda,
Madrid,Zona suroeste,Villa del Prado - Aldea del Fresno - Villamanta,
Málaga,Área de Antequera,Antequera,Bobadilla - Bobadilla Estación - La Joya
Málaga,Área de Antequera,Antequera,Casco Histórico
Málaga,Área de Antequera,Antequera,Centro
Málaga,Área de Antequera,Antequera,Zona Cueva de Menga
Málaga,Área de Antequera,Antequera,Zona de la Vega
Málaga,Área de Antequera,Antequera,Zona Fuentemora
Málaga,Área de Antequera,Área de Archidona,Archidona
Málaga,Área de Antequera,Área de Archidona,Cuevas Bajas
Málaga,Área de Antequera,Área de Archidona,Cuevas de San Marcos
Málaga,Área de Antequera,Área de Archidona,Villanueva de Algaidas
Málaga,Área de Antequera,Área de Archidona,Villanueva de la Concepcion
Málaga,Área de Antequera,Área de Archidona,Villanueva de Tapia
Málaga,Área de Antequera,Área de Archidona,Villanueva del Rosario
Málaga,Área de Antequera,Área de Archidona,Villanueva del Trabuco
Málaga,Área de Antequera,Área de Campillos,Almargen
Málaga,Área de Antequera,Área de Campillos,Ardales
Málaga,Área de Antequera,Área de Campillos,Campillos
Málaga,Área de Antequera,Área de Campillos,Cañete la Real
Málaga,Área de Antequera,Área de Campillos,Sierra de Yeguas
Málaga,Área de Antequera,Área de Campillos,Teba
Málaga,Área de Antequera,Área de Campillos,Valle de Abdalajís
Málaga,Área de Antequera,Casabermeja,
Málaga,Área de Antequera,Área de Fuente de Piedra,
Málaga,Málaga,Bailén - Miraflores,La Florida - Parque norte
Málaga,Málaga,Bailén - Miraflores,Los Castillejos - La Trinidad
Málaga,Málaga,Bailén - Miraflores,San Alberto - La Alcubilla - Florisol
Málaga,Málaga,Bailén - Miraflores,Suárez
Málaga,Málaga,Bailén - Miraflores,Victoria Eugenia
Málaga,Málaga,Campanillas,
Málaga,Málaga,Carretera de Cádiz,El Torcal
Málaga,Málaga,Carretera de Cádiz,Finca el Pato - Torre del Río
Málaga,Málaga,Carretera de Cádiz,Girón - Las Delicias - Pacífico
Málaga,Málaga,Carretera de Cádiz,Huelin
Málaga,Málaga,Carretera de Cádiz,La Luz
Málaga,Málaga,Carretera de Cádiz,La Princesa
Málaga,Málaga,Carretera de Cádiz,Los Guindos - Parque Mediterráneo - Santa Paula
Málaga,Málaga,Carretera de Cádiz,Nuevo San Andrés - Dos Hermanas
Málaga,Málaga,Carretera de Cádiz,Pacífico
Málaga,Málaga,Carretera de Cádiz,Puerta Blanca - Almudena
Málaga,Málaga,Carretera de Cádiz,Vistafranca
Málaga,Málaga,Centro,Centro Histórico
Málaga,Málaga,Centro,Conde de Ureña
Málaga,Málaga,Centro,Cristo de la Epidemia
Málaga,Málaga,Centro,El Ejido
Málaga,Málaga,Centro,El Molinillo - Capuchinos
Málaga,Málaga,Centro,Ensanche Centro - Soho
Málaga,Málaga,Centro,Gibralfaro
Málaga,Málaga,Centro,La Goleta - San Felipe Neri
Málaga,Málaga,Centro,La Merced
Málaga,Málaga,Centro,La Trinidad
Málaga,Málaga,Centro,La Victoria
Málaga,Málaga,Centro,Olletas - Sierra Blanquilla
Málaga,Málaga,Centro,Perchel norte
Málaga,Málaga,Centro,Perchel sur - El Bulto
Málaga,Málaga,Churriana,Churriana - La Noria
Málaga,Málaga,Churriana,Cortijo de Maza-Finca Monsalvez-El Olivar
Málaga,Málaga,Churriana,El Cuartón - Heliomar
Málaga,Málaga,Churriana,Guadalmar
Málaga,Málaga,Churriana,Pizarrillo - El Retiro
Málaga,Málaga,Ciudad Jardín,Ciudad Jardín
Málaga,Málaga,Ciudad Jardín,Cortijo Bazán - Los Casinis - Los Cipreses
Málaga,Málaga,Ciudad Jardín,Huerta Nueva - Jardín de Málaga
Málaga,Málaga,Ciudad Jardín,Mangas Verdes - Las Flores
Málaga,Málaga,Cruz de Humilladero,Camino de Antequera
Málaga,Málaga,Cruz de Humilladero,Carranque - Haza Cuevas
Málaga,Málaga,Cruz de Humilladero,Cruz del Humilladero - Los Tilos
Málaga,Málaga,Cruz de Humilladero,Pol Ctra de Cártama
Málaga,Málaga,Cruz de Humilladero,Polígonos - Recinto Ferial
Málaga,Málaga,Cruz de Humilladero,Portada Alta-La Barriguilla
Málaga,Málaga,Cruz de Humilladero,Santa Cristina - San Rafael
Málaga,Málaga,Este,Cerrado de Calderón - Hacienda Paredes
Málaga,Málaga,Este,El Candado
Málaga,Málaga,Este,El Palo
Málaga,Málaga,Este,Jarazmín
Málaga,Málaga,Este,La Mosca
Málaga,Málaga,Este,Limonar
Málaga,Málaga,Este,Malagueta - Monte Sancha
Málaga,Málaga,Este,Mayorazgo
Málaga,Málaga,Este,Olías
Málaga,Málaga,Este,Parque Clavero
Málaga,Málaga,Este,Pedregalejo - Morlaco
Málaga,Málaga,Este,Pinares de San Antón
Málaga,Málaga,Martiricos - La Roca,Martiricos - La Roca
Málaga,Málaga,Martiricos - La Roca,Palma - Palmilla
Málaga,Málaga,Puerto de la Torre,El Atabal
Málaga,Málaga,Puerto de la Torre,El Cortijuelo
Málaga,Málaga,Puerto de la Torre,Fuente Alegre - El Chaparral - Los Morales
Málaga,Málaga,Puerto de la Torre,Los Almendros - El Limonero - El Tomillar
Málaga,Málaga,Puerto de la Torre,Puertosol - Santa Isabel
Málaga,Málaga,Teatinos,
Málaga,Manilva,Alcorrín,
Málaga,Manilva,Chullera,
Málaga,Manilva,El Castillo,
Málaga,Manilva,La Duquesa,
Málaga,Manilva,Manilva,
Málaga,Manilva,Puerto de la Duquesa,
Málaga,Manilva,San Luis de Sabinillas,
Málaga,Casares,Bahía de Casares,
Málaga,Casares,Casares,
Málaga,Casares,Casares Golf - Casares del Sol,
Málaga,Casares,Doña Julia Golf,
Málaga,Casares,Marina de Casares,
Málaga,Estepona,Altos de Estepona,
Málaga,Estepona,Benamara - Atalaya,Atalaya-Isdabe
Málaga,Estepona,Benamara - Atalaya,Bel-Air
Málaga,Estepona,Benamara - Atalaya,Benatalaya
Málaga,Estepona,Benamara - Atalaya,Cancelada
Málaga,Estepona,Benamara - Atalaya,Casasola
Málaga,Estepona,Benamara - Atalaya,Nueva Atalaya
Málaga,Estepona,Benamara - Atalaya,Paraiso-Barronal
Málaga,Estepona,Benamara - Atalaya,Villacana - Costalita - Saladillo
Málaga,Estepona,Costa Natura,Guadalobón
Málaga,Estepona,Costa Natura,Valle Romano Golf
Málaga,Estepona,Estepona Pueblo,Centro
Málaga,Estepona,Estepona Pueblo,Huerta Nueva
Málaga,Estepona,Estepona Pueblo,Parque Central
Málaga,Estepona,Estepona Pueblo,Puerto de Estepona
Málaga,Estepona,Estepona Pueblo,Sierra de Estepona-Avda de Andalucia
Málaga,Estepona,Estepona Pueblo,Zona Calvario
Málaga,Estepona,Playa Bahía Dorada,Bahía Dorada
Málaga,Estepona,Playa Bahía Dorada,Buenas Noches
Málaga,Estepona,Playa Bahía Dorada,Estepona Golf
Málaga,Estepona,Punta Plata,Kempinski
Málaga,Estepona,Punta Plata,Los Llanos
Málaga,Estepona,Punta Plata,Punta Plata
Málaga,Estepona,Seghers,
Málaga,Estepona,Selwo,El Velerín
Málaga,Estepona,Selwo,Guadalmansa
Málaga,Estepona,Selwo,La Concha-Resina Golf
Málaga,Estepona,Selwo,Las Lomas
Málaga,Estepona,Selwo,Sotoserena
Málaga,Benalmádena,Arroyo de la Miel,
Málaga,Benalmádena,Benalmádena Pueblo,Casablanca - La Viñuela
Málaga,Benalmádena,Benalmádena Pueblo,Centro
Málaga,Benalmádena,Benalmádena Pueblo,Los Nadales - Tio Charles
Málaga,Benalmádena,Benalmádena Pueblo,Rancho Domingo - La Hacienda
Málaga,Benalmádena,El Higuerón - Capellanía,
Málaga,Benalmádena,Montealto,
Málaga,Benalmádena,Parque de la Paloma,
Málaga,Benalmádena,Santangelo,
Málaga,Benalmádena,Solymar - Puerto Marina,
Málaga,Benalmádena,Torremuelle,
Málaga,Benalmádena,Torrequebrada,Cortijo Torrequebrada
Málaga,Benalmádena,Torrequebrada,Hacienda Torrequebrada
Málaga,Benalmádena,Torrequebrada,Nueva Torrequebrada
Málaga,Benalmádena,Torrequebrada,Zona Centro Comercial Torrequebrada
Málaga,Fuengirola,Centro Ciudad,
Málaga,Fuengirola,El Higuerón,
Málaga,Fuengirola,Las Gaviotas,
Málaga,Fuengirola,Los Boliches,
Málaga,Fuengirola,Los Pacos,
Málaga,Fuengirola,Playa de los Boliches,
Málaga,Fuengirola,Torreblanca del Sol,
Málaga,Fuengirola,Zona Puerto Deportivo,
Málaga,Fuengirola,Zona Sohail,
Málaga,Mijas,Calaburra - Chaparral,
Málaga,Mijas,Campo de Mijas,
Málaga,Mijas,Cerros del Águila,
Málaga,Mijas,Hipódromo - Cerrado del Águila,
Málaga,Mijas,La Cala de Mijas,
Málaga,Mijas,La Cala Golf - Lagar Martell,
Málaga,Mijas,Las Lagunas,Centro
Málaga,Mijas,Las Lagunas,Las Cañadas
Málaga,Mijas,Las Lagunas,Las Flores
Málaga,Mijas,Las Lagunas,Los Árboles
Málaga,Mijas,Las Lagunas,Los Rios - CARE
Málaga,Mijas,Mijas Golf,
Málaga,Mijas,Mijas Pueblo,
Málaga,Mijas,Riviera del Sol,
Málaga,Mijas,Sitio de Calahonda,
Málaga,Mijas,Valtocado - La Alquería - La Atalaya,
Málaga,Torremolinos,Centro,
Málaga,Torremolinos,El Bajondillo,
Málaga,Torremolinos,El Pinar - Palacio de Congresos,
Málaga,Torremolinos,El Pinillo,
Málaga,Torremolinos,La Carihuela - Los Nidos,
Málaga,Torremolinos,La Leala - El Saltillo,
Málaga,Torremolinos,Montemar,
Málaga,Torremolinos,Playamar,
Málaga,Benahavís,Benahavís,
Málaga,Benahavís,El Madroñal,
Málaga,Benahavís,El Paraíso,
Málaga,Benahavís,La Alquería,
Málaga,Benahavís,La Quinta,
Málaga,Benahavís,La Zagaleta,
Málaga,Benahavís,Los Arqueros-Puerto del Almendro,
Málaga,Benahavís,Los Flamingos,
Málaga,Benahavís,Montemayor-Marbella Club,
Málaga,Istan,,
Málaga,Marbella,Elviria-Cabopino,Cabopino-Artola
Málaga,Marbella,Elviria-Cabopino,Elviria
Málaga,Marbella,Elviria-Cabopino,Hacienda Las Chapas
Málaga,Marbella,Elviria-Cabopino,Marbesa
Málaga,Marbella,Elviria-Cabopino,Real de Zaragoza
Málaga,Marbella,Elviria-Cabopino,Reserva de Marbella
Málaga,Marbella,Elviria-Cabopino,Romana Playa
Málaga,Marbella,Elviria-Cabopino,Santa María
Málaga,Marbella,Las Chapas-El Rosario,Costabella
Málaga,Marbella,Las Chapas-El Rosario,El Rosario-Ricmar
Málaga,Marbella,Las Chapas-El Rosario,Las Chapas-Alicate Playa
Málaga,Marbella,Las Chapas-El Rosario,Santa Clara
Málaga,Marbella,Marbella Pueblo,Casco Antiguo
Málaga,Marbella,Marbella Pueblo,Divina Pastora
Málaga,Marbella,Marbella Pueblo,Huerta Belón-Calvario
Málaga,Marbella,Marbella Pueblo,Huerta del Prado-La Montua
Málaga,Marbella,Marbella Pueblo,La Merced
Málaga,Marbella,Marbella Pueblo,La Patera
Málaga,Marbella,Marbella Pueblo,La Puya - La Ermita
Málaga,Marbella,Marbella Pueblo,Miraflores
Málaga,Marbella,Marbella Pueblo,Playa Bajadilla-Puertos
Málaga,Marbella,Marbella Pueblo,Playa de la Fontanilla
Málaga,Marbella,Marbella Pueblo,Plaza de toros
Málaga,Marbella,Marbella Pueblo,Ricardo Soriano
Málaga,Marbella,Marbella Pueblo,Santa Marta
Málaga,Marbella,Marbella Pueblo,Torrecilla-La Cañada
Málaga,Marbella,Marbella Pueblo,Valdeolletas-Las Cancelas-Xarblanca
Málaga,Marbella,Nagüeles-Milla de Oro,La Carolina-Guadalpín
Málaga,Marbella,Nagüeles-Milla de Oro,Las Lomas de Río Verde
Málaga,Marbella,Nagüeles-Milla de Oro,Lomas de Marbella Club
Málaga,Marbella,Nagüeles-Milla de Oro,Nagüeles
Málaga,Marbella,Nagüeles-Milla de Oro,Puente Romano
Málaga,Marbella,Nagüeles-Milla de Oro,Sierra Blanca
Málaga,Marbella,Nueva Andalucía,Aloha
Málaga,Marbella,Nueva Andalucía,La Dama de Noche-La Alzambra
Málaga,Marbella,Nueva Andalucía,Las Brisas
Málaga,Marbella,Nueva Andalucía,Los Naranjos
Málaga,Marbella,Nueva Andalucía,Nueva Andalucía
Málaga,Marbella,Nueva Andalucía,Puerto Banús
Málaga,Marbella,Nueva Andalucía,Rodeo Alto-Guadaiza-La Campana
Málaga,Marbella,Rio Real-Los Monteros,Alto de los Monteros
Málaga,Marbella,Rio Real-Los Monteros,Bahía de Marbella
Málaga,Marbella,Rio Real-Los Monteros,Bello Horizonte-Lindasol
Málaga,Marbella,Rio Real-Los Monteros,Los Monteros
Málaga,Marbella,Rio Real-Los Monteros,Rio Real
Málaga,Marbella,San Pedro de Alcántara,Guadalmina Alta
Málaga,Marbella,San Pedro de Alcántara,Guadalmina Baja
Málaga,Marbella,San Pedro de Alcántara,Linda Vista-Nueva Alcántara-Cortijo Blanco
Málaga,Marbella,San Pedro de Alcántara,San Pedro Pueblo
Málaga,Ojén,La Mairena,
Málaga,Ojén,Ojén pueblo,
Málaga,Ojén,Palo Alto,
Málaga,Costa del Sol Oriental - Axarquía,Área de Alcaucín - Colmenar,Alcaucín
Málaga,Costa del Sol Oriental - Axarquía,Área de Alcaucín - Colmenar,Alfarnate
Málaga,Costa del Sol Oriental - Axarquía,Área de Alcaucín - Colmenar,Alfarnatejo
Málaga,Costa del Sol Oriental - Axarquía,Área de Alcaucín - Colmenar,Colmenar
Málaga,Costa del Sol Oriental - Axarquía,Área de Alcaucín - Colmenar,Periana
Málaga,Costa del Sol Oriental - Axarquía,Área de Alcaucín - Colmenar,Riogordo
Málaga,Costa del Sol Oriental - Axarquía,Área de Alcaucín - Colmenar,Viñuela
Málaga,Costa del Sol Oriental - Axarquía,Área de Algarrobo,
Málaga,Costa del Sol Oriental - Axarquía,Chilches,
Málaga,Costa del Sol Oriental - Axarquía,Torrox,Centro Internacional
Málaga,Costa del Sol Oriental - Axarquía,Torrox,El Morche
Málaga,Costa del Sol Oriental - Axarquía,Torrox,El Peñoncillo
Málaga,Costa del Sol Oriental - Axarquía,Torrox,Laguna Beach
Málaga,Costa del Sol Oriental - Axarquía,Torrox,Las Dunas
Málaga,Costa del Sol Oriental - Axarquía,Torrox,Puerto Narixa
Málaga,Costa del Sol Oriental - Axarquía,Torrox,Torrox Park
Málaga,Costa del Sol Oriental - Axarquía,Torrox,Torrox Pueblo
Málaga,Costa del Sol Oriental - Axarquía,Torrox,Urbanización Santa Rosa
Málaga,Costa del Sol Oriental - Axarquía,Benajarafe - Almayate Bajo,
Málaga,Costa del Sol Oriental - Axarquía,Benamocarra - Iznate,
Málaga,Costa del Sol Oriental - Axarquía,Caleta de Velez,
Málaga,Costa del Sol Oriental - Axarquía,Canillas - Cómpeta - Arenas,Archez
Málaga,Costa del Sol Oriental - Axarquía,Canillas - Cómpeta - Arenas,Arenas
Málaga,Costa del Sol Oriental - Axarquía,Canillas - Cómpeta - Arenas,Canillas de Aceituno
Málaga,Costa del Sol Oriental - Axarquía,Canillas - Cómpeta - Arenas,Canillas de Albaida
Málaga,Costa del Sol Oriental - Axarquía,Canillas - Cómpeta - Arenas,Competa
Málaga,Costa del Sol Oriental - Axarquía,Canillas - Cómpeta - Arenas,Salares
Málaga,Costa del Sol Oriental - Axarquía,Canillas - Cómpeta - Arenas,Sayalonga
Málaga,Costa del Sol Oriental - Axarquía,Canillas - Cómpeta - Arenas,Sedella
Málaga,Costa del Sol Oriental - Axarquía,Comares - Almáchar,
Málaga,Costa del Sol Oriental - Axarquía,Frigiliana,
Málaga,Costa del Sol Oriental - Axarquía,Nerja,Almijara
Málaga,Costa del Sol Oriental - Axarquía,Nerja,Avda Pescia - Ctra de Frigiliana
Málaga,Costa del Sol Oriental - Axarquía,Nerja,Burriana
Málaga,Costa del Sol Oriental - Axarquía,Nerja,Capistrano
Málaga,Costa del Sol Oriental - Axarquía,Nerja,Centro
Málaga,Costa del Sol Oriental - Axarquía,Nerja,Chaparil - Torrecilla - Punta Lara
Málaga,Costa del Sol Oriental - Axarquía,Nerja,Maro - Cuevas de Nerja
Málaga,Costa del Sol Oriental - Axarquía,Nerja,Nueva Nerja
Málaga,Costa del Sol Oriental - Axarquía,Rincón de la Victoria,Añoreta baja
Málaga,Costa del Sol Oriental - Axarquía,Rincón de la Victoria,Añoreta Golf - Paraíso del Sol
Málaga,Costa del Sol Oriental - Axarquía,Rincón de la Victoria,Benagalbón
Málaga,Costa del Sol Oriental - Axarquía,Rincón de la Victoria,Cotomar - Urbanizaciones
Málaga,Costa del Sol Oriental - Axarquía,Rincón de la Victoria,Gran Sol - Montesol
Málaga,Costa del Sol Oriental - Axarquía,Rincón de la Victoria,La Cala del Moral
Málaga,Costa del Sol Oriental - Axarquía,Rincón de la Victoria,Lo Cea - Los Cortijos
Málaga,Costa del Sol Oriental - Axarquía,Rincón de la Victoria,Playa del Rincón
Málaga,Costa del Sol Oriental - Axarquía,Rincón de la Victoria,Torre de Benagalbón
Málaga,Costa del Sol Oriental - Axarquía,Torre del Mar,Centro
Málaga,Costa del Sol Oriental - Axarquía,Torre del Mar,El Tomillar
Málaga,Costa del Sol Oriental - Axarquía,Torre del Mar,Paseo Marítimo de Levante
Málaga,Costa del Sol Oriental - Axarquía,Torre del Mar,Poniente-Faro
Málaga,Costa del Sol Oriental - Axarquía,Torre del Mar,Viña Málaga
Málaga,Costa del Sol Oriental - Axarquía,Vélez-Malaga,Camino Algarrobo - Las Arenas
Málaga,Costa del Sol Oriental - Axarquía,Vélez-Malaga,Camino Viejo de Málaga
Málaga,Costa del Sol Oriental - Axarquía,Vélez-Malaga,Capuchinos
Málaga,Costa del Sol Oriental - Axarquía,Vélez-Malaga,Centro Ciudad - El Carmen
Málaga,Costa del Sol Oriental - Axarquía,Vélez-Malaga,Centro Histórico
Málaga,Costa del Sol Oriental - Axarquía,Vélez-Malaga,El Limonar
Málaga,Costa del Sol Oriental - Axarquía,Vélez-Malaga,Los Olivos
Málaga,Costa del Sol Oriental - Axarquía,Vélez-Malaga,Norte - Barrio del Pilar - El Reñidero
Málaga,Costa del Sol Oriental - Axarquía,Vélez-Malaga,Zona Hispanidad-Vivar Téllez
Málaga,Serranía de Ronda,,
Málaga,Valle de Guadalhorce,,
Melilla,Alfonso XIII,,
Melilla,Barriadas norte,,
Melilla,Calvo Sotelo,,
Melilla,Centro,,
Melilla,Constitución,,
Melilla,El Industrial,,
Melilla,El Real,,
Melilla,Hipódromo,,
Melilla,Isaac Peral,,
Melilla,La Victoria,,
Melilla,San Lorenzo,,
Murcia,Altiplano-Oriental,Abanilla,
Murcia,Altiplano-Oriental,Fortuna,
Murcia,Altiplano-Oriental,Jumilla,
Murcia,Altiplano-Oriental,Yecla,
Murcia,Alto Guadalentín,Águilas,Calabardina-Cope
Murcia,Alto Guadalentín,Águilas,Centro
Murcia,Alto Guadalentín,Águilas,Hornillo
Murcia,Alto Guadalentín,Águilas,Isla del Fraile
Murcia,Alto Guadalentín,Águilas,Las Delicias
Murcia,Alto Guadalentín,Águilas,Las Lomas-Las Yucas
Murcia,Alto Guadalentín,Águilas,Las Majadas-Las Molinetas-Labradorcico
Murcia,Alto Guadalentín,Águilas,Los Collados-Los Geráneos
Murcia,Alto Guadalentín,Águilas,Tébar - Los Arejos
Murcia,Alto Guadalentín,Lorca,La Hoya-Almendricos-Purias
Murcia,Alto Guadalentín,Lorca,La Viña-San José
Murcia,Alto Guadalentín,Lorca,San Diego-Los Ángeles-San Cristóbal
Murcia,Alto Guadalentín,Lorca,Zarcilla de Ramos-Doña Inés
Murcia,Alto Guadalentín,Lorca,Zona Centro-Corredera
Murcia,Alto Guadalentín,Puerto Lumbreras,
Murcia,Noreste,Alcantarilla,
Murcia,Noreste,Beniel,
Murcia,Noreste,Santomera,
Murcia,Murcia,Campo de Murcia,Baños y Mendigo
Murcia,Murcia,Campo de Murcia,Cañadas de San Pedro
Murcia,Murcia,Campo de Murcia,Corvera
Murcia,Murcia,Campo de Murcia,Gea y Truyols
Murcia,Murcia,Campo de Murcia,Jerónimo y Avileses
Murcia,Murcia,Campo de Murcia,Lobosillo
Murcia,Murcia,Campo de Murcia,Los Martínez del Puerto
Murcia,Murcia,Campo de Murcia,Sucina
Murcia,Murcia,Campo de Murcia,Valladolises y Lo Jurado
Murcia,Murcia,Centro,Catedral
Murcia,Murcia,Centro,La Fama
Murcia,Murcia,Centro,La Paz
Murcia,Murcia,Centro,San Andrés-San Antolín
Murcia,Murcia,Centro,San Antón
Murcia,Murcia,Centro,San Juan
Murcia,Murcia,Centro,San Lorenzo
Murcia,Murcia,Centro,San Miguel
Murcia,Murcia,Centro,San Nicolás
Murcia,Murcia,Centro,San Pedro
Murcia,Murcia,Centro,Santa Catalina-San Bartolomé
Murcia,Murcia,Centro,Santa Eulalia
Murcia,Murcia,Centro,Vistabella
Murcia,Murcia,Norte,El Ranero-San Basilio
Murcia,Murcia,Norte,La Flota
Murcia,Murcia,Norte,Santa María de Gracia
Murcia,Murcia,Norte,Vista Alegre
Murcia,Murcia,Norte,Zona Juan Carlos I - Avenida de Europa
Murcia,Murcia,Norte,Zona Juan de Borbón
Murcia,Murcia,Pedanías Este,Algezares
Murcia,Murcia,Pedanías Este,Alquerías
Murcia,Murcia,Pedanías Este,Beniaján
Murcia,Murcia,Pedanías Este,Casillas
Murcia,Murcia,Pedanías Este,El Raal
Murcia,Murcia,Pedanías Este,Garres y Lages
Murcia,Murcia,Pedanías Este,La Alberca
Murcia,Murcia,Pedanías Este,Llano de Brujas
Murcia,Murcia,Pedanías Este,Los Dolores
Murcia,Murcia,Pedanías Este,Los Ramos
Murcia,Murcia,Pedanías Este,Puente Tocinos
Murcia,Murcia,Pedanías Este,San Benito-Patiño
Murcia,Murcia,Pedanías Este,San Benito-Progreso
Murcia,Murcia,Pedanías Este,San José de la Vega
Murcia,Murcia,Pedanías Este,Santa Cruz
Murcia,Murcia,Pedanías Este,Santo Ángel
Murcia,Murcia,Pedanías Este,Torreagüera
Murcia,Murcia,Pedanías Este,Zarandona
Murcia,Murcia,Pedanías Este,Zeneta
Murcia,Murcia,Pedanías Norte,Cabezo de Torres
Murcia,Murcia,Pedanías Norte,Churra
Murcia,Murcia,Pedanías Norte,Cobatillas
Murcia,Murcia,Pedanías Norte,El Esparragal
Murcia,Murcia,Pedanías Norte,El Puntal
Murcia,Murcia,Pedanías Norte,Espinardo
Murcia,Murcia,Pedanías Norte,Monteagudo
Murcia,Murcia,Pedanías Norte,Montepinar
Murcia,Murcia,Pedanías Oeste,Aljucer
Murcia,Murcia,Pedanías Oeste,El Palmar
Murcia,Murcia,Pedanías Oeste,Era Alta
Murcia,Murcia,Pedanías Oeste,Guadalupe
Murcia,Murcia,Pedanías Oeste,Javalí Nuevo
Murcia,Murcia,Pedanías Oeste,Javalí Viejo
Murcia,Murcia,Pedanías Oeste,La Albatalía
Murcia,Murcia,Pedanías Oeste,La Arboleja
Murcia,Murcia,Pedanías Oeste,La Ñora
Murcia,Murcia,Pedanías Oeste,La Raya
Murcia,Murcia,Pedanías Oeste,Nonduermas
Murcia,Murcia,Pedanías Oeste,Puebla de Soto
Murcia,Murcia,Pedanías Oeste,Rincón de Beniscornia
Murcia,Murcia,Pedanías Oeste,Rincón de Seca
Murcia,Murcia,Pedanías Oeste,San Ginés
Murcia,Murcia,Pedanías Oeste,Sangonera la Seca
Murcia,Murcia,Pedanías Oeste,Sangonera la Verde
Murcia,Murcia,Sur,El Carmen
Murcia,Murcia,Sur,Infante Juan Manuel
Murcia,Murcia,Sur,La Purísima-Barriomar
Murcia,Murcia,Sur,Ronda Sur
Murcia,Murcia,Sur,San Pío X
Murcia,Murcia,Sur,Santiago el Mayor
Murcia,Bajo Guadalentín,Aledo,
Murcia,Bajo Guadalentín,Alhama de Murcia,
Murcia,Bajo Guadalentín,Librilla,
Murcia,Bajo Guadalentín,Mazarrón,Bolnuevo
Murcia,Bajo Guadalentín,Mazarrón,Mazarrón
Murcia,Bajo Guadalentín,Mazarrón,Puerto de Mazarrón
Murcia,Bajo Guadalentín,Totana,
Murcia,Campo de Cartagena,Fuente-Álamo,Balsapintada - El Estrecho
Murcia,Campo de Cartagena,Fuente-Álamo,Cánovas - Cuevas de Reyllo
Murcia,Campo de Cartagena,Fuente-Álamo,Centro
Murcia,Campo de Cartagena,Fuente-Álamo,Hacienda del Álamo Golf
Murcia,Campo de Cartagena,Fuente-Álamo,La Pinilla - Las Palas
Murcia,Campo de Cartagena,Fuente-Álamo,Los Almagros - Los Paganes - El Escobar
Murcia,Campo de Cartagena,La Union,La Unión
Murcia,Campo de Cartagena,La Union,Portmán
Murcia,Campo de Cartagena,La Union,Roche
Murcia,Cartagena,Albujón,
Murcia,Cartagena,Alumbres-Escombreras,
Murcia,Cartagena,Canteras,
Murcia,Cartagena,Cartagena,Alameda
Murcia,Cartagena,Cartagena,Casco Antiguo
Murcia,Cartagena,Cartagena,Ciudad Jardín
Murcia,Cartagena,Cartagena,Ensanche
Murcia,Cartagena,Cartagena,La Concepción
Murcia,Cartagena,Cartagena,Los Barreros-Cuatro Santos
Murcia,Cartagena,Cartagena,Peral-La Vereda
Murcia,Cartagena,Cartagena,San Antón
Murcia,Cartagena,Cartagena,San Ginés-Virgen de la Caridad
Murcia,Cartagena,Cartagena,Santa Lucía
Murcia,Cartagena,El Algar,
Murcia,Cartagena,El Beal-Estrecho de San Ginés,
Murcia,Cartagena,El Plan,
Murcia,Cartagena,Hondón-Torreciega,
Murcia,Cartagena,Isla Plana-Los Puertos,
Murcia,Cartagena,La Aljorra,
Murcia,Cartagena,La Magdalena,
Murcia,Cartagena,La Palma,
Murcia,Cartagena,Lentiscar,
Murcia,Cartagena,Los Urrutias,
Murcia,Cartagena,Mar de Cristal-Cabo de Palos,
Murcia,Cartagena,Perín,
Murcia,Cartagena,Pozo Estrecho,
Murcia,Cartagena,Santa Ana-Miranda,
Murcia,La Manga del Mar Menor,Playa de las Gaviotas-El Pedrucho,
Murcia,La Manga del Mar Menor,Playa del Esparto-Veneziola,
Murcia,La Manga del Mar Menor,Playa del Galán,
Murcia,La Manga del Mar Menor,Zona Entremares,
Murcia,La Manga del Mar Menor,Zona Galúa-Calnegre,
Murcia,Mar Menor,Los Alcázares,Las Lomas del Rame-Bahía Bella
Murcia,Mar Menor,Los Alcázares,Los Alcázares
Murcia,Mar Menor,Los Alcázares,Los Narejos-Punta Calera
Murcia,Mar Menor,San Javier,El Mirador-Pozo Aledo
Murcia,Mar Menor,San Javier,Roda
Murcia,Mar Menor,San Javier,San Javier
Murcia,Mar Menor,San Javier,Santiago de la Ribera
Murcia,Mar Menor,San Pedro del Pinatar,El Mojón-Las Salinas
Murcia,Mar Menor,San Pedro del Pinatar,Lo Pagán
Murcia,Mar Menor,San Pedro del Pinatar,Los Cuarteros
Murcia,Mar Menor,San Pedro del Pinatar,Los Peñascos-El Salero-Los Imbernones
Murcia,Mar Menor,San Pedro del Pinatar,San Pedro del Pinatar
Murcia,Mar Menor,Torre-Pacheco,Balsicas
Murcia,Mar Menor,Torre-Pacheco,Dolores de Pacheco-Santa Rosalía
Murcia,Mar Menor,Torre-Pacheco,El Jimenado
Murcia,Mar Menor,Torre-Pacheco,Mar Menor Golf Resort
Murcia,Mar Menor,Torre-Pacheco,Roldán
Murcia,Mar Menor,Torre-Pacheco,San Cayetano
Murcia,Mar Menor,Torre-Pacheco,Torre-Pacheco
Murcia,Noroeste,Bullas,
Murcia,Noroeste,Calasparra,
Murcia,Noroeste,Caravaca de la Cruz,
Murcia,Noroeste,Cehegin,
Murcia,Noroeste,Moratalla,
Murcia,Río Mula,Albudeite-Campos del Río,
Murcia,Río Mula,Mula,
Murcia,Río Mula,Pliego,
Murcia,Valle de Ricote,Archena,
Murcia,Valle de Ricote,Ricote-Ojos,
Murcia,Valle de Ricote,Ulea-Villanueva del Rio Segura,
Murcia,Vega Alta,Abarán,
Murcia,Vega Alta,Blanca,
Murcia,Vega Alta,Cieza,
Murcia,Vega Media,Alguazas,
Murcia,Vega Media,Ceuti,
Murcia,Vega Media,Las Torres de Cotillas,
Murcia,Vega Media,Lorqui,
Murcia,Vega Media,Molina de Segura,Campotéjar-Los Valientes 19
Murcia,Vega Media,Molina de Segura,Molina de Segura 372
Murcia,Vega Media,Molina de Segura,Romeral 252
Navarra,Área de Estella y Urbasa,Área de Estella Oriental,
Navarra,Área de Estella y Urbasa,Área de Urbasa,
Navarra,Área de Estella y Urbasa,Arróniz-Mañeru,
Navarra,Área de Estella y Urbasa,Estella,
Navarra,Área de Estella y Urbasa,Ribera del Ega,
Navarra,Área de Estella y Urbasa,Ribera estellesa,
Navarra,Área de Esteribar,,
Navarra,Área de Pamplona,Aranguren,
Navarra,Área de Pamplona,Área de Zizur,
Navarra,Área de Pamplona,Área Metropolitana norte,
Navarra,Área de Pamplona,Barañain,
Navarra,Área de Pamplona,Burlada,
Navarra,Área de Pamplona,Egüés,
Navarra,Área de Pamplona,Galar-Beriain,
Navarra,Área de Pamplona,Huarte,
Navarra,Área de Pamplona,Valle de Elorz,
Navarra,Área de Pamplona,Pamplona/Iruña,1º Ensanche
Navarra,Área de Pamplona,Pamplona/Iruña,2º Ensanche
Navarra,Área de Pamplona,Pamplona/Iruña,Arrosadia
Navarra,Área de Pamplona,Pamplona/Iruña,Azpilagaña
Navarra,Área de Pamplona,Pamplona/Iruña,Beloso
Navarra,Área de Pamplona,Pamplona/Iruña,Buztintxuri
Navarra,Área de Pamplona,Pamplona/Iruña,Casco Antiguo
Navarra,Área de Pamplona,Pamplona/Iruña,Chantrea
Navarra,Área de Pamplona,Pamplona/Iruña,Echavacoiz
Navarra,Área de Pamplona,Pamplona/Iruña,Iturrama
Navarra,Área de Pamplona,Pamplona/Iruña,Lezkairu
Navarra,Área de Pamplona,Pamplona/Iruña,Mendebaldea
Navarra,Área de Pamplona,Pamplona/Iruña,Mendillorri
Navarra,Área de Pamplona,Pamplona/Iruña,Milagrosa
Navarra,Área de Pamplona,Pamplona/Iruña,Rochapea
Navarra,Área de Pamplona,Pamplona/Iruña,San Jorge
Navarra,Área de Pamplona,Pamplona/Iruña,San Juan
Navarra,Área de Peralta,,
Navarra,Área de Puente la Reina,,
Navarra,Área de Sangüesa,,
Navarra,Área de Tafalla,,
Navarra,Área de Tudela,Área de Cascante,
Navarra,Área de Tudela,Área de Corella,
Navarra,Área de Tudela,Tudela,
Navarra,Norte,Alto Bidasoa,
Navarra,Norte,Barranca,
Navarra,Norte,Baztán,
Navarra,Norte,Cinco Villas,
Navarra,Norte,Norte de Aralar,
Navarra,Norte,Ultzamaldea,
Navarra,Área de Olite,,
Ourense,Área de Allariz- Maceda,Allariz,
Ourense,Área de Allariz- Maceda,Baños de Molgas,
Ourense,Área de Allariz- Maceda,Maceda,
Ourense,Área de Allariz- Maceda,Paderne de Allariz,
Ourense,Área de Allariz- Maceda,Xunqueira de Ambia,
Ourense,Área de Allariz- Maceda,Xunqueira de Espadanedo,
Ourense,Área de Ourense,A Peroxa - Coles,
Ourense,Área de Ourense,Nogueira de Ramuín - Pereira de Aguiar - Esgos,
Ourense,Área de Ourense,Ourense,A Carballeira
Ourense,Área de Ourense,Ourense,A Ponte
Ourense,Área de Ourense,Ourense,As Lagunas
Ourense,Área de Ourense,Ourense,Barrocanes
Ourense,Área de Ourense,Ourense,Casco Viejo
Ourense,Área de Ourense,Ourense,Centro
Ourense,Área de Ourense,Ourense,Couto
Ourense,Área de Ourense,Ourense,Mariñamansa
Ourense,Área de Ourense,Ourense,O Vinteun
Ourense,Área de Ourense,Ourense,Polvorín
Ourense,Área de Ourense,Ourense,Posío
Ourense,Área de Ourense,Ourense,Quintela - Los Pinos
Ourense,Área de Ourense,Ourense,Residencia
Ourense,Área de Ourense,Ourense,San Francisco
Ourense,Área de Ourense,Ourense,Universidad
Ourense,Área de Ourense,Ourense,Vilar de Astrés - Palmés - Arrabaldo
Ourense,Área de Ourense,Ourense,Vista Hermosa
Ourense,Área de Ourense,San Cibrao das Viñas - Taboadela,San Cibrao das Viñas
Ourense,Área de Ourense,San Cibrao das Viñas - Taboadela,Taboadela
Ourense,Área de Ourense,Toén - Barbadás,Barbadas
Ourense,Área de Ourense,Toén - Barbadás,Toén
Ourense,Área de Ourense,Villamarín - Amoeiro,Amoeiro
Ourense,Área de Ourense,Villamarín - Amoeiro,Vilamarin
Ourense,Carballiño,Beariz,
Ourense,Carballiño,Boboras,
Ourense,Carballiño,Maside,
Ourense,Carballiño,O Carballiño,
Ourense,Carballiño,O Irixo,
Ourense,Carballiño,Piñor,
Ourense,Carballiño,Punxin,
Ourense,Carballiño,San Amaro,
Ourense,Carballiño,San Cristovo de Cea,
Ourense,Área de Limia,Baltar,
Ourense,Área de Limia,Bande,
Ourense,Área de Limia,Blancos (Os),
Ourense,Área de Limia,Calvos de Randin,
Ourense,Área de Limia,Entrimo,
Ourense,Área de Limia,Lobeira,
Ourense,Área de Limia,Lobios,
Ourense,Área de Limia,Muiños,
Ourense,Área de Limia,Porqueira,
Ourense,Área de Limia,Rairiz de Veiga,
Ourense,Área de Limia,Sandias,
Ourense,Área de Limia,Sarreaus,
Ourense,Área de Limia,Trasmiras,
Ourense,Área de Limia,Vilar de Barrio,
Ourense,Área de Limia,Vilar de Santos,
Ourense,Área de Limia,Xinzo de Limia,
Ourense,Ribeiro,Arnoia,
Ourense,Ribeiro,Avion,
Ourense,Ribeiro,Beade,
Ourense,Ribeiro,Carballeda de Avia,
Ourense,Ribeiro,Castrelo de Miño,
Ourense,Ribeiro,Cenlle,
Ourense,Ribeiro,Cortegada,
Ourense,Ribeiro,Leiro,
Ourense,Ribeiro,Melon,
Ourense,Ribeiro,Ribadavia,
Ourense,Área de Terra de Caldelas- Trive,,
Ourense,Área de Terra de Celanova,,
Ourense,Área de Valdeorras,,
Ourense,Área de Viana- Verín,,
Palencia,Área de Camino de Santiago,,
Palencia,Montaña Palentina,Aguilar de Campoo,
Palencia,Montaña Palentina,Cervera,
Palencia,Montaña Palentina,Guardo,
Palencia,Tierra de Campos - Cerrato,Área de Grijota,
Palencia,Tierra de Campos - Cerrato,Husillos-Astudillos,
Palencia,Tierra de Campos - Cerrato,Palencia,Allende el Río
Palencia,Tierra de Campos - Cerrato,Palencia,Ave María
Palencia,Tierra de Campos - Cerrato,Palencia,Cardenal Cisneros
Palencia,Tierra de Campos - Cerrato,Palencia,Centro
Palencia,Tierra de Campos - Cerrato,Palencia,El Carmen - Fábrica de Armas
Palencia,Tierra de Campos - Cerrato,Palencia,El Cristo - Tejera
Palencia,Tierra de Campos - Cerrato,Palencia,Eras del Bosque - S. Juanillo
Palencia,Tierra de Campos - Cerrato,Palencia,Hospital - Carrechiquilla
Palencia,Tierra de Campos - Cerrato,Palencia,Pan y Guindas
Palencia,Tierra de Campos - Cerrato,Palencia,San Antonio
Palencia,Tierra de Campos - Cerrato,Palencia,Sector
Palencia,Tierra de Campos - Cerrato,Palencia,Tercer Barrio
Palencia,Tierra de Campos - Cerrato,Villalobón-Magaz,
Palencia,Tierra de Campos - Cerrato,Villamuriel-Venta de Baños,
Pontevedra,Área de Caldas,Caldas de Reis,
Pontevedra,Área de Caldas,Catoira,
Pontevedra,Área de Caldas,Cuntis,
Pontevedra,Área de Caldas,Moraña,
Pontevedra,Área de Caldas,Pontecesures,
Pontevedra,Área de Caldas,Portas,
Pontevedra,Área de Caldas,Valga,
Pontevedra,Área de Deza,Agolada,
Pontevedra,Área de Deza,Dozon,
Pontevedra,Área de Deza,Lalin,
Pontevedra,Área de Deza,Rodeiro,
Pontevedra,Área de Deza,Silleda,
Pontevedra,Área de Deza,Vila de Cruces,
Pontevedra,Área de Pontevedra,Área de Cotobade,A Lama
Pontevedra,Área de Pontevedra,Área de Cotobade,Campo Lameiro
Pontevedra,Área de Pontevedra,Área de Cotobade,Cerdedo-Cotobade
Pontevedra,Área de Pontevedra,Área de Cotobade,Ponte-Caldelas
Pontevedra,Área de Pontevedra,Vilaboa,
Pontevedra,Área de Pontevedra,Barro,
Pontevedra,Área de Pontevedra,Parroquias de Pontevedra,
Pontevedra,Área de Pontevedra,Poio,Combarro
Pontevedra,Área de Pontevedra,Poio,Raxo
Pontevedra,Área de Pontevedra,Poio,Samieira
Pontevedra,Área de Pontevedra,Poio,San Salvador - Caeira
Pontevedra,Área de Pontevedra,Poio,San Xoán de Poio
Pontevedra,Área de Pontevedra,Pontevedra,A Parda
Pontevedra,Área de Pontevedra,Pontevedra,Campo Da Torre - Mollabao
Pontevedra,Área de Pontevedra,Pontevedra,Centro - Echegaray
Pontevedra,Área de Pontevedra,Pontevedra,La Seca - Los Salgueriños
Pontevedra,Área de Pontevedra,Pontevedra,Monteporreiro
Pontevedra,Área de Pontevedra,Pontevedra,O Burgo - Campus Universitario
Pontevedra,Área de Pontevedra,Pontevedra,Zona María Victoria Moreno
Pontevedra,Área de Pontevedra,Pontevedra,Zona Plaza de Barcelos
Pontevedra,Área de Terra Montes,,
Pontevedra,Vigo Alrededores,Área de Baiona,
Pontevedra,Vigo Alrededores,Gondomar,
Pontevedra,Vigo Alrededores,Nigran,Camos
Pontevedra,Vigo Alrededores,Nigran,Centro
Pontevedra,Vigo Alrededores,Nigran,Chandebrito
Pontevedra,Vigo Alrededores,Nigran,Panxón
Pontevedra,Vigo Alrededores,Nigran,Parada
Pontevedra,Vigo Alrededores,Nigran,Priegue
Pontevedra,Vigo Alrededores,Nigran,San Pedro da Ramallosa
Pontevedra,Vigo Alrededores,Área de Porriño,
Pontevedra,Vigo Alrededores,Redondela,
Pontevedra,Vigo Alrededores,Mos,
Pontevedra,Vigo Alrededores,Soutomaior-Pazos de Borbén,
Pontevedra,Vigo,Alcabre,
Pontevedra,Vigo,Bembrive,
Pontevedra,Vigo,Candean - Cabral,
Pontevedra,Vigo,Castrelos - Sárdoma,
Pontevedra,Vigo,Centro urbano,A Salgueira - O Castaño
Pontevedra,Vigo,Centro urbano,As Travesas - Balaídos
Pontevedra,Vigo,Centro urbano,Berbés - Peritos
Pontevedra,Vigo,Centro urbano,Bouzas
Pontevedra,Vigo,Centro urbano,Camelias - Pi y Margall
Pontevedra,Vigo,Centro urbano,Casablanca - Calvario
Pontevedra,Vigo,Centro urbano,Casco Vello
Pontevedra,Vigo,Centro urbano,Centro - Areal
Pontevedra,Vigo,Centro urbano,Coia
Pontevedra,Vigo,Centro urbano,Fátima
Pontevedra,Vigo,Centro urbano,O Castro
Pontevedra,Vigo,Centro urbano,Plaza de la Industria
Pontevedra,Vigo,Centro urbano,Plaza España - Corte Inglés
Pontevedra,Vigo,Centro urbano,Pz Independencia
Pontevedra,Vigo,Centro urbano,Travesía de Vigo - San Xoán
Pontevedra,Vigo,Comesaña - Matamá,
Pontevedra,Vigo,Coruxo - Oia - Saiáns,
Pontevedra,Vigo,Lavadores,
Pontevedra,Vigo,Navia,
Pontevedra,Vigo,Teis,
Pontevedra,Vigo,Valadares - Beade,
Pontevedra,Baixo Miño,A Guarda-O Rosal,
Pontevedra,Baixo Miño,Oia,
Pontevedra,Baixo Miño,Tomiño,
Pontevedra,Baixo Miño,Tui,
Pontevedra,Condado - Paradanta,Área de Fornelos-A Cañiza,
Pontevedra,Condado - Paradanta,Área de Ponteareas-Mondariz,
Pontevedra,Condado - Paradanta,Área de Salvaterra-Crecente,
Pontevedra,Morrazo,Bueu,
Pontevedra,Morrazo,Cangas,
Pontevedra,Morrazo,Marin,
Pontevedra,Morrazo,Moaña,
Pontevedra,Salnés,O Grove,
Pontevedra,Salnés,Sanxenxo,Adina-Portonovo
Pontevedra,Salnés,Sanxenxo,Bordóns-Dorrón
Pontevedra,Salnés,Sanxenxo,Nantes
Pontevedra,Salnés,Sanxenxo,Noalla
Pontevedra,Salnés,Sanxenxo,Sanxenxo
Pontevedra,Salnés,Sanxenxo,Villalonga
Pontevedra,Salnés,Cambados-Vilanova de Arousa,Cambados
Pontevedra,Salnés,Cambados-Vilanova de Arousa,Illa de Arousa
Pontevedra,Salnés,Cambados-Vilanova de Arousa,Vilanova de Arousa
Pontevedra,Salnés,Meaño-Meis-Ribadumia,
Pontevedra,Salnés,Vilagarcía de Arousa,Arealonga
Pontevedra,Salnés,Vilagarcía de Arousa,Cea
Pontevedra,Salnés,Vilagarcía de Arousa,Cornazo - Rubianes
Pontevedra,Salnés,Vilagarcía de Arousa,O Carril - Bamio
Pontevedra,Salnés,Vilagarcía de Arousa,Sobradelo - Rosaleda
Pontevedra,Salnés,Vilagarcía de Arousa,Sobrán
Pontevedra,Salnés,Vilagarcía de Arousa,Vilagarcía
Salamanca,Área Metropolitana,Área de Aldeatejada-Buenavista,
Salamanca,Área Metropolitana,Área de Calvarrasa de Abajo,
Salamanca,Área Metropolitana,Área de Carrascal-Doñinos,
Salamanca,Área Metropolitana,Área de Castellanos de Moriscos-Cabrerizos,
Salamanca,Área Metropolitana,Área de Santa Marta-Carbajosa,
Salamanca,Área Metropolitana,Área de Terradillos-Alba de Tormes,
Salamanca,Área Metropolitana,Área de Villares de la Reina,
Salamanca,Área Metropolitana,Salamanca,Barrio Blanco
Salamanca,Área Metropolitana,Salamanca,Centro
Salamanca,Área Metropolitana,Salamanca,Chinchibarra - Capuchinos
Salamanca,Área Metropolitana,Salamanca,Garrido
Salamanca,Área Metropolitana,Salamanca,La Salle - Vistahermosa
Salamanca,Área Metropolitana,Salamanca,Pizarrales
Salamanca,Área Metropolitana,Salamanca,Prosperidad - Delicias
Salamanca,Área Metropolitana,Salamanca,Rollo - Puente Ladrillo
Salamanca,Área Metropolitana,Salamanca,San Bernardo - Carmelitas - Campus
Salamanca,Área Metropolitana,Salamanca,San José - Parador - Zurguen
Salamanca,Área Metropolitana,Salamanca,Vidal
Salamanca,Área Metropolitana,Villamayor,
Salamanca,Béjar,Área de Béjar,
Salamanca,Béjar,Guijuelo,
Salamanca,Béjar,Sierra de Francia,
Salamanca,Área de Campo Charro,,
Salamanca,Área de Ciudad Rodrigo,,
Salamanca,Peñaranda,,
Salamanca,Área de Vitigudino,,
Santa Cruz de Tenerife,El Hierro,El Pinar,
Santa Cruz de Tenerife,El Hierro,Frontera,
Santa Cruz de Tenerife,El Hierro,Valverde,
Santa Cruz de Tenerife,La Gomera,Agulo-Hermigua,
Santa Cruz de Tenerife,La Gomera,Alajero,
Santa Cruz de Tenerife,La Gomera,San Sebastian de la Gomera,
Santa Cruz de Tenerife,La Gomera,Vallehermoso-Valle Gran Rey,
Santa Cruz de Tenerife,La Palma,Área de Barlovento-Puntallana,
Santa Cruz de Tenerife,La Palma,Área de Breña-Villa de Mazo,
Santa Cruz de Tenerife,La Palma,Área de los Llanos de Aridane,
Santa Cruz de Tenerife,La Palma,Garafía-Puntagorda-Tijarafe,
Santa Cruz de Tenerife,La Palma,Santa Cruz de la Palma,
Santa Cruz de Tenerife,Acentejo-Sauzal,,
Santa Cruz de Tenerife,Adeje,Armeñime,
Santa Cruz de Tenerife,Adeje,Callao Salvaje,
Santa Cruz de Tenerife,Adeje,Casco Urbano,
Santa Cruz de Tenerife,Adeje,Costa Adeje,
Santa Cruz de Tenerife,Adeje,Fañabé - Ifonche y Benítez,
Santa Cruz de Tenerife,Adeje,La Quinta - Taucho,
Santa Cruz de Tenerife,Adeje,Las Moraditas,
Santa Cruz de Tenerife,Adeje,Los Menores,
Santa Cruz de Tenerife,Adeje,Marazul,
Santa Cruz de Tenerife,Adeje,Playa Paraíso,
Santa Cruz de Tenerife,Adeje,Tijoco,
Santa Cruz de Tenerife,Arafo,,
Santa Cruz de Tenerife,Área Buenavista del norte-Garachico,,
Santa Cruz de Tenerife,Arico-Fasnia,,
Santa Cruz de Tenerife,Arona,Arona Pueblo,
Santa Cruz de Tenerife,Arona,Buzanada,
Santa Cruz de Tenerife,Arona,Cabo Blanco,
Santa Cruz de Tenerife,Arona,Chayofa,
Santa Cruz de Tenerife,Arona,Cho-Guaza,
Santa Cruz de Tenerife,Arona,Costa del Silencio-Las Galletas,
Santa Cruz de Tenerife,Arona,El Fraile,
Santa Cruz de Tenerife,Arona,Guargacho,
Santa Cruz de Tenerife,Arona,Las Rosas,
Santa Cruz de Tenerife,Arona,Los Cristianos,
Santa Cruz de Tenerife,Arona,Palm Mar,
Santa Cruz de Tenerife,Arona,Playa de las Américas,
Santa Cruz de Tenerife,Arona,Valle San Lorenzo,
Santa Cruz de Tenerife,Candelaria,,
Santa Cruz de Tenerife,El Rosario,,
Santa Cruz de Tenerife,Granadilla de Abona,Charco del Pino,
Santa Cruz de Tenerife,Granadilla de Abona,El Médano,
Santa Cruz de Tenerife,Granadilla de Abona,El Salto-Los Blanquitos,
Santa Cruz de Tenerife,Granadilla de Abona,Granadilla,
Santa Cruz de Tenerife,Granadilla de Abona,Los Abrigos,
Santa Cruz de Tenerife,Granadilla de Abona,San Isidro,
Santa Cruz de Tenerife,Guia de Isora,Abama,
Santa Cruz de Tenerife,Guia de Isora,Alcalá,
Santa Cruz de Tenerife,Guia de Isora,Chío-Chiguergue,
Santa Cruz de Tenerife,Guia de Isora,Guia de Isora,
Santa Cruz de Tenerife,Guia de Isora,Playa San Juan,
Santa Cruz de Tenerife,Güimar,,
Santa Cruz de Tenerife,Icod de los Vinos,,
Santa Cruz de Tenerife,La Guancha-San Juan de la Rambla,,
Santa Cruz de Tenerife,La Orotava,Cañada del Teide,
Santa Cruz de Tenerife,La Orotava,Centro,
Santa Cruz de Tenerife,La Orotava,Chasna,
Santa Cruz de Tenerife,La Orotava,El Bebedero - Pinolere - Aguamansa,
Santa Cruz de Tenerife,La Orotava,El Durazno,
Santa Cruz de Tenerife,La Orotava,La Perdoma - San Antonio - Benijos,
Santa Cruz de Tenerife,La Orotava,Las Cuevas - Los Gómez,
Santa Cruz de Tenerife,Los Realejos,Icod El Alto,
Santa Cruz de Tenerife,Los Realejos,Longuera-Toscal,
Santa Cruz de Tenerife,Los Realejos,Los Realejos centro,
Santa Cruz de Tenerife,Los Realejos,Montaña-Zamora-Cruz Santa-Palo Blanco,
Santa Cruz de Tenerife,Puerto de la Cruz,Distrito Botánico,
Santa Cruz de Tenerife,Puerto de la Cruz,Distrito Martiánez,
Santa Cruz de Tenerife,Puerto de la Cruz,Distrito Playa Jardín,
Santa Cruz de Tenerife,Puerto de la Cruz,Distrito San Antonio - Las Arenas,
Santa Cruz de Tenerife,Puerto de la Cruz,San Fernando,
Santa Cruz de Tenerife,San Cristóbal de la Laguna,Bajamar-Punta del Hidalgo,
Santa Cruz de Tenerife,San Cristóbal de la Laguna,Geneto,
Santa Cruz de Tenerife,San Cristóbal de la Laguna,Gracia,
Santa Cruz de Tenerife,San Cristóbal de la Laguna,Guajara,
Santa Cruz de Tenerife,San Cristóbal de la Laguna,Guamasa-Los Baldíos,
Santa Cruz de Tenerife,San Cristóbal de la Laguna,La Cuesta,
Santa Cruz de Tenerife,San Cristóbal de la Laguna,La Laguna,
Santa Cruz de Tenerife,San Cristóbal de la Laguna,Las Mercedes,
Santa Cruz de Tenerife,San Cristóbal de la Laguna,Los Majuelos-Taco,
Santa Cruz de Tenerife,San Cristóbal de la Laguna,Valle Guerra-Tejina,
Santa Cruz de Tenerife,San Cristóbal de la Laguna,Vega Lagunera,
Santa Cruz de Tenerife,San Miguel de Abona,Aldea Blanca-Las Zocas,
Santa Cruz de Tenerife,San Miguel de Abona,Golf del Sur-Amarilla Golf,
Santa Cruz de Tenerife,San Miguel de Abona,Guargacho,
Santa Cruz de Tenerife,San Miguel de Abona,Las Chafiras,
Santa Cruz de Tenerife,San Miguel de Abona,San Miguel de Abona,
Santa Cruz de Tenerife,San Miguel de Abona,Tamaide-El Roque,
Santa Cruz de Tenerife,Santa Cruz de Tenerife,Anaga,
Santa Cruz de Tenerife,Santa Cruz de Tenerife,Centro-Ifara,
Santa Cruz de Tenerife,Santa Cruz de Tenerife,La Salud-La Salle,
Santa Cruz de Tenerife,Santa Cruz de Tenerife,Ofra-Costa Sur,
Santa Cruz de Tenerife,Santa Cruz de Tenerife,Santa Cruz Suroeste,
Santa Cruz de Tenerife,Santa Ursula,,
Santa Cruz de Tenerife,Santiago del Teide,Acantilados de Los Gigantes,
Santa Cruz de Tenerife,Santiago del Teide,Puerto de Santiago,
Santa Cruz de Tenerife,Santiago del Teide,Santiago del Teide,
Santa Cruz de Tenerife,Santiago del Teide,Tamaimo-Arguayo,
Santa Cruz de Tenerife,Tacoronte,,
Santa Cruz de Tenerife,Tegueste,,
Santa Cruz de Tenerife,Vilaflor,,
Segovia,Área de Cuéllar,,
Segovia,Área de Riaza,,
Segovia,Área de Santa María Real de Nieva,,
Segovia,Área de Segovia,Área de Cantimpalos,
Segovia,Área de Segovia,El Espinar,
Segovia,Área de Segovia,Área de Hontanares-Marugan,
Segovia,Área de Segovia,Área de la Lastrilla,
Segovia,Área de Segovia,Área de Otero de Herreros,
Segovia,Área de Segovia,Área de Palazuelos,
Segovia,Área de Segovia,San Ildefonso o la Granja,
Segovia,Área de Segovia,Área de Torrecaballeros,
Segovia,Área de Segovia,Área de Villacastín,
Segovia,Área de Segovia,Área del Espirdo,
Segovia,Área de Segovia,Segovia,Centro
Segovia,Área de Segovia,Segovia,El Carmen
Segovia,Área de Segovia,Segovia,El Cerro - Crtra. San Rafael
Segovia,Área de Segovia,Segovia,Ezequiel González - Cde. Sepulveda
Segovia,Área de Segovia,Segovia,Fuentemilanos
Segovia,Área de Segovia,Segovia,Hontoria
Segovia,Área de Segovia,Segovia,José Zorrilla - Padre Claret
Segovia,Área de Segovia,Segovia,Madrona
Segovia,Área de Segovia,Segovia,Plaza Mayor - San Agustín
Segovia,Área de Segovia,Segovia,Revenga
Segovia,Área de Segovia,Segovia,San Lorenzo - San Marcos
Segovia,Área de Segovia,Segovia,Sector Plaza de Toros
Segovia,Área de Segovia,Segovia,Torredondo
Segovia,Área de Segovia,Segovia,Vía Roma
Segovia,Área de Sepúlveda - Cantalejo,Área de Cantalejo,
Segovia,Área de Sepúlveda - Cantalejo,Área de Duruelo,
Segovia,Área de Sepúlveda - Cantalejo,Área de Pedraza,
Segovia,Área de Sepúlveda - Cantalejo,Área de Sepúlveda,
Sevilla,Aljarafe,Albaida - Olivares,
Sevilla,Aljarafe,Área de Aznalcázar,
Sevilla,Aljarafe,Área de Bollullos - Benacazón,
Sevilla,Aljarafe,Área de Camas,
Sevilla,Aljarafe,Coria del Río,
Sevilla,Aljarafe,Área de Gelves - Almensilla,
Sevilla,Aljarafe,Gines,
Sevilla,Aljarafe,Área de Pilas,
Sevilla,Aljarafe,Sanlúcar la Mayor,
Sevilla,Aljarafe,Área de Umbrete - Villanueva de Ariscal,
Sevilla,Aljarafe,Área de Valencina,
Sevilla,Aljarafe,Bormujos,
Sevilla,Aljarafe,Castilleja de la Cuesta,
Sevilla,Aljarafe,Espartinas,
Sevilla,Aljarafe,Mairena del Aljarafe,
Sevilla,Aljarafe,La Puebla del Rio,
Sevilla,Aljarafe,San Juan de Aznalfarache,
Sevilla,Aljarafe,Tomares,
Sevilla,Área de Estepa,,
Sevilla,Área Metropolitana,Alcalá de Guadaira,Carretera de Sevilla a Utrera
Sevilla,Área Metropolitana,Alcalá de Guadaira,Centro
Sevilla,Área Metropolitana,Alcalá de Guadaira,La Paz - Montecarmelo
Sevilla,Área Metropolitana,Alcalá de Guadaira,Los Molinos
Sevilla,Área Metropolitana,Alcalá de Guadaira,Nueva Alcalá
Sevilla,Área Metropolitana,Alcalá de Guadaira,Oromana
Sevilla,Área Metropolitana,Alcalá de Guadaira,Torrequinto
Sevilla,Área Metropolitana,Área de los Palacios y Villafranca,
Sevilla,Área Metropolitana,Dos Hermanas,Arco norte - Avda España
Sevilla,Área Metropolitana,Dos Hermanas,Centro - Doña Mercedes
Sevilla,Área Metropolitana,Dos Hermanas,El Arenal - La Pólvora
Sevilla,Área Metropolitana,Dos Hermanas,Entrenúcleos
Sevilla,Área Metropolitana,Dos Hermanas,La Hacienda - Nueva Andalucía
Sevilla,Área Metropolitana,Dos Hermanas,La Motilla - Fuente del Rey
Sevilla,Área Metropolitana,Dos Hermanas,Vista Azul - Consolación
Sevilla,Área Metropolitana,Montequinto,Campo de Golf
Sevilla,Área Metropolitana,Montequinto,Centro
Sevilla,Área Metropolitana,Montequinto,Cerros de Montequinto
Sevilla,Área Metropolitana,Montequinto,Condequinto
Sevilla,Área Metropolitana,Montequinto,Olivar de Quintos
Sevilla,Área Metropolitana,Montequinto,Zona Avenida de Europa
Sevilla,La Campiña,Área de Arahal,
Sevilla,La Campiña,Área de Carmona,
Sevilla,La Campiña,Área de Écija,
Sevilla,La Campiña,Área de Mairena de Alcor,
Sevilla,La Campiña,Área de Morón,
Sevilla,La Campiña,Área de Osuna,
Sevilla,La Campiña,El Palmar de Troya,
Sevilla,La Campiña,Los Molares-El Coronil,
Sevilla,La Campiña,Marchena,
Sevilla,La Campiña,Utrera,
Sevilla,La Marisma,,
Sevilla,La Vega,Área de Alcalá del Río,
Sevilla,La Vega,Área de Cantillana,
Sevilla,La Vega,Área de la Rinconada,
Sevilla,La Vega,Área de Lora del Río,
Sevilla,Sevilla,Bellavista - Jardines de Hércules,Bellavista 74
Sevilla,Sevilla,Bellavista - Jardines de Hércules,Jardines de Hércules 28
Sevilla,Sevilla,Centro,Alameda
Sevilla,Sevilla,Centro,Arenal - Museo - Tetuán
Sevilla,Sevilla,Centro,Encarnación-Las Setas
Sevilla,Sevilla,Centro,Feria
Sevilla,Sevilla,Centro,Plaza de la Gavidia-San Lorenzo
Sevilla,Sevilla,Centro,Puerta Carmona-Puerta Osario-Amador de los Ríos
Sevilla,Sevilla,Centro,Puerta de la Carne - Judería
Sevilla,Sevilla,Centro,San Julián
Sevilla,Sevilla,Centro,San Vicente
Sevilla,Sevilla,Centro,Santa Cruz - Alfalfa
Sevilla,Sevilla,Cerro Amate,Amate
Sevilla,Sevilla,Cerro Amate,Cerro del Águila
Sevilla,Sevilla,Cerro Amate,Juan XXIII
Sevilla,Sevilla,Cerro Amate,La Plata
Sevilla,Sevilla,Cerro Amate,Los Pajaritos
Sevilla,Sevilla,Cerro Amate,Palmete-Padre Pío-Hacienda San Antonio
Sevilla,Sevilla,Cerro Amate,Rochelambert
Sevilla,Sevilla,Cerro Amate,Santa Aurelia
Sevilla,Sevilla,Cerro Amate,Su Eminencia - La Oliva
Sevilla,Sevilla,La Palmera - Los Bermejales,Bami - Pineda
Sevilla,Sevilla,La Palmera - Los Bermejales,La Palmera - Manuel Siurot
Sevilla,Sevilla,La Palmera - Los Bermejales,Los Bermejales
Sevilla,Sevilla,La Palmera - Los Bermejales,Palmas Altas
Sevilla,Sevilla,La Palmera - Los Bermejales,Reina Mercedes - Heliópolis
Sevilla,Sevilla,Los Remedios,Asunción - Adolfo Suárez
Sevilla,Sevilla,Los Remedios,Blas Infante
Sevilla,Sevilla,Los Remedios,Parque de los Principes - Calle Niebla
Sevilla,Sevilla,Los Remedios,Plaza de Cuba - República Argentina
Sevilla,Sevilla,Los Remedios,Ramón de Carranza - Madre Rafols
Sevilla,Sevilla,Los Remedios,Tablada
Sevilla,Sevilla,Macarena,Doctor Fedriani
Sevilla,Sevilla,Macarena,Los Carteros - San Diego
Sevilla,Sevilla,Macarena,Parlamento - Torneo
Sevilla,Sevilla,Macarena,Pio Xii
Sevilla,Sevilla,Macarena,Villegas - Los Príncipes
Sevilla,Sevilla,Nervión,Buhaira - Huerta del Rey
Sevilla,Sevilla,Nervión,El Juncal - El Plantinar
Sevilla,Sevilla,Nervión,Gran Plaza - Marqués de Pickman - Ciudad Jardín
Sevilla,Sevilla,Nervión,La Florida
Sevilla,Sevilla,Nervión,Luis Montoto - Santa Justa
Sevilla,Sevilla,Nervión,Nervión
Sevilla,Sevilla,Nervión,San Bernardo - Avenida de Cádiz
Sevilla,Sevilla,Parque Alcosa,
Sevilla,Sevilla,Pino Montano,
Sevilla,Sevilla,Prado de San Sebastián - Felipe II - Bueno Monreal,
Sevilla,Sevilla,San Jerónimo,
Sevilla,Sevilla,San Pablo,
Sevilla,Sevilla,Santa Clara,
Sevilla,Sevilla,Santa Justa - Miraflores - Cruz Roja,
Sevilla,Sevilla,Sevilla este,Alcalde L. Uruñuela - Palacio de Congresos
Sevilla,Sevilla,Sevilla este,Avenida de las Ciencias
Sevilla,Sevilla,Sevilla este,Emilio Lemos
Sevilla,Sevilla,Torreblanca,
Sevilla,Sevilla,Triana,Barrio León
Sevilla,Sevilla,Triana,Calle Betis - Pagés del Corro
Sevilla,Sevilla,Triana,El Tardón
Sevilla,Sevilla,Triana,Isla de la Cartuja
Sevilla,Sevilla,Triana,López de Gomara
Sevilla,Sevilla,Triana,Ronda de Triana-Patrocinio-Turruñuelo
Sevilla,Sevilla,Valdezorras - El Gordillo,
Sevilla,Sierra norte,Área de Castilblanco,
Sevilla,Sierra norte,Área de Cazalla de la Sierra,Alanis
Sevilla,Sierra norte,Área de Cazalla de la Sierra,Cazalla de la Sierra
Sevilla,Sierra norte,Área de Cazalla de la Sierra,Constantina
Sevilla,Sierra norte,Área de Cazalla de la Sierra,El Pedroso
Sevilla,Sierra norte,Área de Cazalla de la Sierra,Guadalcanal
Sevilla,Sierra norte,Área de Cazalla de la Sierra,La Puebla de los Infantes
Sevilla,Sierra norte,Área de Cazalla de la Sierra,Las Navas de la Concepcion
Sevilla,Sierra norte,Área de Cazalla de la Sierra,San Nicolas del Puerto
Sevilla,Sierra norte,Aznalcollar - El Castillo de las Guardas,Aznalcollar
Sevilla,Sierra norte,Aznalcollar - El Castillo de las Guardas,El Castillo de las Guardas
Sevilla,Sierra norte,Aznalcollar - El Castillo de las Guardas,El Madroño
Sevilla,Sierra norte,El Ronquillo,
Sevilla,Sierra norte,Gerena - El Garrobo,
Sevilla,Sierra norte,Guillena,Guillena pueblo
Sevilla,Sierra norte,Guillena,Las Pajanosas
Sevilla,Sierra norte,Guillena,Los Lagos
Sevilla,Sierra norte,Guillena,Torre de la Reina
Soria,Área de Almazán,,
Soria,Área de Soria,Área de Agreda,
Soria,Área de Soria,Área de Calatañazor,
Soria,Área de Soria,Soria,
Soria,Área de Burgo de Osma,,
Soria,Área de Pinares y Tierras Altas,,
Tarragona,Alt Camp,Área de Alcover,
Tarragona,Alt Camp,Área de el Pla de Santa Maria,
Tarragona,Alt Camp,Valls,
Tarragona,Alt Camp,Área de Valmoll,
Tarragona,Alt Camp,Área de Vila-Rodona,
Tarragona,Baix Camp,Área de l'Hospitalet de l'Infant,
Tarragona,Baix Camp,Mont-Roig del Camp,Bonmont Terres Noves
Tarragona,Baix Camp,Mont-Roig del Camp,Casalot
Tarragona,Baix Camp,Mont-Roig del Camp,Miami Playa
Tarragona,Baix Camp,Mont-Roig del Camp,Mont-Roig
Tarragona,Baix Camp,Mont-Roig del Camp,Platja de Mont - Roig
Tarragona,Baix Camp,Área de Prades-Alforja,
Tarragona,Baix Camp,Reus,Centre
Tarragona,Baix Camp,Reus,Llevant
Tarragona,Baix Camp,Reus,Mestral
Tarragona,Baix Camp,Reus,Migjorn
Tarragona,Baix Camp,Reus,Ponent
Tarragona,Baix Camp,Área de Riudecanyes-Montbrió del Camp,Botarell
Tarragona,Baix Camp,Área de Riudecanyes-Montbrió del Camp,Colldejou
Tarragona,Baix Camp,Área de Riudecanyes-Montbrió del Camp,Duesaigües
Tarragona,Baix Camp,Área de Riudecanyes-Montbrió del Camp,L'Argentera
Tarragona,Baix Camp,Área de Riudecanyes-Montbrió del Camp,Montbrio del Camp
Tarragona,Baix Camp,Área de Riudecanyes-Montbrió del Camp,Riudecanyes
Tarragona,Baix Camp,Área de Riudecanyes-Montbrió del Camp,Riudecols
Tarragona,Baix Camp,Área de Riudecanyes-Montbrió del Camp,Vilanova d'Escornalbou
Tarragona,Baix Camp,Área de Riudoms,
Tarragona,Baix Camp,Cambrils,Casc Antic - Nou Cambrils
Tarragona,Baix Camp,Cambrils,Horta de Santa María
Tarragona,Baix Camp,Cambrils,La Llosa - Mas de l'Arany
Tarragona,Baix Camp,Cambrils,Port
Tarragona,Baix Camp,Cambrils,Regueral - Prat d'En Foré
Tarragona,Baix Camp,Cambrils,Vilafortuny - Cap de Sant Pere
Tarragona,Baix Camp,La Selva del Camp-Castellvell,
Tarragona,Baix Ebre,Deltebre,
Tarragona,Baix Ebre,L'Ampolla,
Tarragona,Baix Ebre,Tortosa,Bítem
Tarragona,Baix Ebre,Tortosa,Centre
Tarragona,Baix Ebre,Tortosa,Ferreries
Tarragona,Baix Ebre,Tortosa,Jesús - Els Reguers
Tarragona,Baix Ebre,Tortosa,Remolins - St Jaume
Tarragona,Baix Ebre,Tortosa,Sant Llatzer
Tarragona,Baix Ebre,Tortosa,Temple
Tarragona,Baix Ebre,Tortosa,Urbanizaciones
Tarragona,Baix Ebre,Tortosa,Vinallop
Tarragona,Baix Ebre,Área de Xerta-Paüls,
Tarragona,Baix Ebre,Camarles,
Tarragona,Baix Ebre,El Perello,
Tarragona,Baix Ebre,L'Aldea,
Tarragona,Baix Ebre,L'Ametlla de Mar,Calafat
Tarragona,Baix Ebre,L'Ametlla de Mar,L'Ametlla de Mar
Tarragona,Baix Ebre,L'Ametlla de Mar,Les Tres Cales
Tarragona,Baix Ebre,L'Ametlla de Mar,Roques Daurades-L'Estany
Tarragona,Baix Ebre,L'Ametlla de Mar,Sant Jordi d'Alfama
Tarragona,Baix Ebre,Roquetes,
Tarragona,Baix Penedès,Albinyana-Bellvei,Albinyana
Tarragona,Baix Penedès,Albinyana-Bellvei,Bellvei
Tarragona,Baix Penedès,Albinyana-Bellvei,Bonastre
Tarragona,Baix Penedès,Albinyana-Bellvei,Santa Oliva
Tarragona,Baix Penedès,Calafell,Alorda Park
Tarragona,Baix Penedès,Calafell,Bellamar
Tarragona,Baix Penedès,Calafell,Bonanova
Tarragona,Baix Penedès,Calafell,Calafell Park
Tarragona,Baix Penedès,Calafell,Calafell Pueblo
Tarragona,Baix Penedès,Calafell,Calafell Residencial
Tarragona,Baix Penedès,Calafell,Mas Mel - Bellamar
Tarragona,Baix Penedès,Calafell,Mas Romeu
Tarragona,Baix Penedès,Calafell,Platja Calafell
Tarragona,Baix Penedès,Calafell,Segur de Calafell
Tarragona,Baix Penedès,Área de la Bisbal del Penedès,
Tarragona,Baix Penedès,Cunit,Can Nicolau - Les Sorres - Valparaiso
Tarragona,Baix Penedès,Cunit,Can Toni
Tarragona,Baix Penedès,Cunit,Costa Cunit - Els Jardins - Els Rosers
Tarragona,Baix Penedès,Cunit,Cunidor
Tarragona,Baix Penedès,Cunit,Cunit Diagonal
Tarragona,Baix Penedès,Cunit,Nucli Antic
Tarragona,Baix Penedès,Cunit,Prat de Cunit
Tarragona,Baix Penedès,Cunit,Residencial
Tarragona,Baix Penedès,El Vendrell,Bonavista
Tarragona,Baix Penedès,El Vendrell,Centre
Tarragona,Baix Penedès,El Vendrell,Coma-Ruga
Tarragona,Baix Penedès,El Vendrell,El Puig
Tarragona,Baix Penedès,El Vendrell,El Tancat - Mas d'en Gual
Tarragona,Baix Penedès,El Vendrell,Els Masos
Tarragona,Baix Penedès,El Vendrell,La Muntanyeta
Tarragona,Baix Penedès,El Vendrell,Mas Borràs
Tarragona,Baix Penedès,El Vendrell,Nou Vendrell
Tarragona,Baix Penedès,El Vendrell,Oasis Park - La Franquesa
Tarragona,Baix Penedès,El Vendrell,Sant Salvador
Tarragona,Baix Penedès,Sant Jaume Dels Domenys-L'Alborc,Banyeres del Penedès
Tarragona,Baix Penedès,Sant Jaume Dels Domenys-L'Alborc,L'Arboç
Tarragona,Baix Penedès,Sant Jaume Dels Domenys-L'Alborc,Llorenç del Penedès
Tarragona,Baix Penedès,Sant Jaume Dels Domenys-L'Alborc,Sant Jaume Dels Domenys
Tarragona,Conca de Barberà,Área de L'Espluga de Francoli,
Tarragona,Conca de Barberà,Área de Montblanc,
Tarragona,Conca de Barberà,Área de Santa Coloma de Queralt,
Tarragona,Conca de Barberà,Área de Sarral,
Tarragona,Montsià,Alcanar,Centro
Tarragona,Montsià,Alcanar,Les Cases d'Alcanar
Tarragona,Montsià,Alcanar,Montsià de Mar
Tarragona,Montsià,Amposta,Ajuntament-L'Assumpció
Tarragona,Montsià,Amposta,Eucaliptus-Poble Nou del Delta
Tarragona,Montsià,Amposta,Sant Josep-Mercat
Tarragona,Montsià,Amposta,Sebastiá Juan Arbó-Sant Cristofol
Tarragona,Montsià,Amposta,Zona Hospital
Tarragona,Montsià,Sant Carles de la Rápita,Avinguda Catalunya
Tarragona,Montsià,Sant Carles de la Rápita,Centre
Tarragona,Montsià,Sant Carles de la Rápita,El Maset
Tarragona,Montsià,Sant Carles de la Rápita,Nord
Tarragona,Montsià,Sant Carles de la Rápita,Platjas
Tarragona,Montsià,Área de Sant Jaume d'Enveja,
Tarragona,Montsià,Área de Santa Bàrbara,Freginals 27
Tarragona,Montsià,Área de Santa Bàrbara,Godall 27
Tarragona,Montsià,Área de Santa Bàrbara,La Galera 17
Tarragona,Montsià,Área de Santa Bàrbara,Mas de Barberans 15
Tarragona,Montsià,Área de Santa Bàrbara,Masdenverge 20
Tarragona,Montsià,Área de Santa Bàrbara,Santa Bárbara 77
Tarragona,Montsià,Área de Santa Bàrbara,
Tarragona,Montsià,La Sénia,
Tarragona,Montsià,Ulldecona,
Tarragona,Priorat,,
Tarragona,Ribera d'Ebre,Área de Benissanet,
Tarragona,Ribera d'Ebre,Área de Flix,
Tarragona,Ribera d'Ebre,Área de Móra la Nova,
Tarragona,Ribera d'Ebre,Mora d'Ebre,
Tarragona,Tarragonès,Altafulla,
Tarragona,Tarragonès,Área de la Canonja,Bonavista
Tarragona,Tarragonès,Área de la Canonja,La Canonja
Tarragona,Tarragonès,Área de la Pobla de Mafumet,El Morell
Tarragona,Tarragonès,Área de la Pobla de Mafumet,La Pobla de Mafumet
Tarragona,Tarragonès,Área de la Pobla de Mafumet,Vilallonga del Camp
Tarragona,Tarragonès,Área de Pobla de Monternès,La Nou de Gaiá
Tarragona,Tarragonès,Área de Pobla de Monternès,La Pobla de Montornès
Tarragona,Tarragonès,Área de Pobla de Monternès,La Riera de Gaiá
Tarragona,Tarragonès,Área de Pobla de Monternès,Salomo
Tarragona,Tarragonès,Área de Pobla de Monternès,Vespella
Tarragona,Tarragonès,Tarragona,Barris Maritims
Tarragona,Tarragonès,Tarragona,Campclar
Tarragona,Tarragonès,Tarragona,Eixample
Tarragona,Tarragonès,Tarragona,La Mora
Tarragona,Tarragonès,Tarragona,Nou Eixample Nord
Tarragona,Tarragonès,Tarragona,Nou Eixample Sud
Tarragona,Tarragonès,Tarragona,Part Alta
Tarragona,Tarragonès,Tarragona,Sant Pere i Sant Pau
Tarragona,Tarragonès,Tarragona,Sant Salvador
Tarragona,Tarragonès,Tarragona,Torreforta
Tarragona,Tarragonès,Tarragona,Urbanitzacions de Llevant
Tarragona,Tarragonès,Área de Vila-Seca,La Pineda
Tarragona,Tarragonès,Área de Vila-Seca,Vila-Seca
Tarragona,Tarragonès,Área els Pallaresos-El Catllar,
Tarragona,Tarragonès,Constanti,
Tarragona,Tarragonès,Creixell,
Tarragona,Tarragonès,Roda de Berà,Berà Mar - El Francaset
Tarragona,Tarragonès,Roda de Berà,Centro
Tarragona,Tarragonès,Roda de Berà,Costa Daurada - Sant Gaietà
Tarragona,Tarragonès,Roda de Berà,Eixample Residencial
Tarragona,Tarragonès,Roda de Berà,La Barquera
Tarragona,Tarragonès,Salou,Barenys
Tarragona,Tarragonès,Salou,Barri de la Salut
Tarragona,Tarragonès,Salou,Cap Salou
Tarragona,Tarragonès,Salou,Centre
Tarragona,Tarragonès,Salou,Eixample
Tarragona,Tarragonès,Salou,Plaça Europa i Covamar
Tarragona,Tarragonès,Salou,Salou de Llevant
Tarragona,Tarragonès,Salou,Xalets de Salou - Mirador de Salou
Tarragona,Tarragonès,Torredembarra,Barri Marítim-Platja de la Paella
Tarragona,Tarragonès,Torredembarra,Centre
Tarragona,Tarragonès,Torredembarra,Clarà
Tarragona,Tarragonès,Torredembarra,Els Munts
Tarragona,Tarragonès,Torredembarra,Marítima Residencial
Tarragona,Tarragonès,Torredembarra,Sant Jordi-Babilonia
Tarragona,Terra Alta,,
Teruel,Área de Teruel,Área norte,
Teruel,Área de Teruel,Área sur,
Teruel,Área de Teruel,Teruel,
Teruel,Area de Albarracín,,
Teruel,Bajo Aragón,,
Teruel,Área de Cuencas Mineras- Andorra-Bajo Martín,,
Teruel,Gúdar- Javalambre,,
Teruel,Área de Jiloca,,
Teruel,Maestrazgo,,
Teruel,Matarraña,Aréns de Lledo,
Teruel,Matarraña,Beceite,
Teruel,Matarraña,Calaceite,
Teruel,Matarraña,Cretas,
Teruel,Matarraña,Fornoles,
Teruel,Matarraña,Fuentespalda,
Teruel,Matarraña,La Fresneda,
Teruel,Matarraña,La Portellada,
Teruel,Matarraña,Lledo,
Teruel,Matarraña,Mazaleon,
Teruel,Matarraña,Monroyo,
Teruel,Matarraña,Peñarroya de Tastavins,
Teruel,Matarraña,Rafales,
Teruel,Matarraña,Torre de Arcas,
Teruel,Matarraña,Torre del Compte,
Teruel,Matarraña,Valdeltormo,
Teruel,Matarraña,Valderrobres,
Teruel,Matarraña,Valjunquera,
Toledo,Área de Torrijos,Área de Escalona,
Toledo,Área de Torrijos,Fuensalida,
Toledo,Área de Torrijos,Área de Gerindote,
Toledo,Área de Torrijos,Área de Méntrida,
Toledo,Área de Torrijos,Área de Puebla de Montalbán,
Toledo,Área de Torrijos,Área de Santa Cruz de Retamar,
Toledo,Área de Torrijos,Área de Santa Olalla,
Toledo,Área de Torrijos,Área de Torrijos-Novés,
Toledo,Área de Torrijos,El Casar de Escalona,
Toledo,Área de Torrijos,Villamiel de Toledo-Huecas,
Toledo,Área de la Campana de Oropesa,Alcañizo,
Toledo,Área de la Campana de Oropesa,Alcolea de Tajo,
Toledo,Área de la Campana de Oropesa,Azutan,
Toledo,Área de la Campana de Oropesa,Calera y Chozas,
Toledo,Área de la Campana de Oropesa,Caleruela,
Toledo,Área de la Campana de Oropesa,El Puente del Arzobispo,
Toledo,Área de la Campana de Oropesa,Gamonal,
Toledo,Área de la Campana de Oropesa,Herreruela de Oropesa,
Toledo,Área de la Campana de Oropesa,La Calzada de Oropesa,
Toledo,Área de la Campana de Oropesa,Lagartera,
Toledo,Área de la Campana de Oropesa,Las Ventas de San Julian,
Toledo,Área de la Campana de Oropesa,Navalcan,
Toledo,Área de la Campana de Oropesa,Navalmoralejo,
Toledo,Área de la Campana de Oropesa,Oropesa,
Toledo,Área de la Campana de Oropesa,Parrillas,
Toledo,Área de la Campana de Oropesa,Talavera la Nueva,
Toledo,Área de la Campana de Oropesa,Torralba de Oropesa,
Toledo,Área de la Campana de Oropesa,Torrico,
Toledo,Área de la Campana de Oropesa,Valdeverdeja,
Toledo,Área de la Campana de Oropesa,Velada,
Toledo,Área de la Jara,Alcaudete de la Jara,
Toledo,Área de la Jara,Aldeanueva de Barbarroya,
Toledo,Área de la Jara,Aldeanueva de San Bartolomé,
Toledo,Área de la Jara,Belvis de la Jara,
Toledo,Área de la Jara,El Campillo de la Jara,
Toledo,Área de la Jara,Espinoso del Rey,
Toledo,Área de la Jara,La Estrella,
Toledo,Área de la Jara,La Nava de Ricomalillo,
Toledo,Área de la Jara,Las Herencias,
Toledo,Área de la Jara,Los Navalmorales,
Toledo,Área de la Jara,Los Navalucillos,
Toledo,Área de la Jara,Mohedas de la Jara,
Toledo,Área de la Jara,Puerto de San Vicente,
Toledo,Área de la Jara,Retamoso,
Toledo,Área de la Jara,Robledo del Mazo,
Toledo,Área de la Jara,San Bartolomé de las Abiertas,
Toledo,Área de la Jara,San Martin de Pusa,
Toledo,Área de la Jara,Santa Ana de Pusa,
Toledo,Área de la Jara,Sevilleja de la Jara,
Toledo,Área de la Jara,Torrecilla de la Jara,
Toledo,Área de la Jara,Villarejo de Montalban,
Toledo,La Mancha,Área de Mora-Madridejos,Consuegra
Toledo,La Mancha,Área de Mora-Madridejos,El Romeral
Toledo,La Mancha,Área de Mora-Madridejos,Madridejos
Toledo,La Mancha,Área de Mora-Madridejos,Mora
Toledo,La Mancha,Área de Mora-Madridejos,Tembleque
Toledo,La Mancha,Área de Mora-Madridejos,Turleque
Toledo,La Mancha,Área de Mora-Madridejos,Villanueva de Bogas
Toledo,La Mancha,Área de Quintanar,El Toboso
Toledo,La Mancha,Área de Quintanar,La Puebla de Almoradiel
Toledo,La Mancha,Área de Quintanar,Miguel Esteban
Toledo,La Mancha,Área de Quintanar,Quintanar de la Orden
Toledo,La Mancha,Área de Villacañas-Villa de Don Fabrique,
Toledo,La Mancha,Área de Villafranca de los Caballeros,
Toledo,La Mancha,Área de Villatobas-Corral de Almaguer,Cabezamesada
Toledo,La Mancha,Área de Villatobas-Corral de Almaguer,Corral de Almaguer
Toledo,La Mancha,Área de Villatobas-Corral de Almaguer,Villanueva de Alcardete
Toledo,La Mancha,Área de Villatobas-Corral de Almaguer,Villatobas
Toledo,La Mesa de Ocaña,Área de la Guardia,
Toledo,La Mesa de Ocaña,Área de Ontígola,
Toledo,La Mesa de Ocaña,Área de Yepes,
Toledo,La Mesa de Ocaña,Ocaña,
Toledo,La Sagra,Bargas,
Toledo,La Sagra,Área de Borox-Esquivias,
Toledo,La Sagra,Área de Casarrubios,
Toledo,La Sagra,Área de Lominchar-Recas,
Toledo,La Sagra,Área de Magán-Mocejón,
Toledo,La Sagra,Olias del Rey,
Toledo,La Sagra,Área de Pantoja,
Toledo,La Sagra,Seseña,El Quiñón
Toledo,La Sagra,Seseña,Las Lomas
Toledo,La Sagra,Seseña,Los Barreros
Toledo,La Sagra,Seseña,Los Robles
Toledo,La Sagra,Seseña,Seseña Centro
Toledo,La Sagra,Seseña,Seseña Nuevo
Toledo,La Sagra,Seseña,Torrecastillo
Toledo,La Sagra,Seseña,Valle Grande
Toledo,La Sagra,Ugena,
Toledo,La Sagra,Área de Ventas de Retamosa,
Toledo,La Sagra,Área de Yuncler-Cabaña,
Toledo,La Sagra,Yuncos,
Toledo,La Sagra,Carranque,
Toledo,La Sagra,Cedillo del Condado,
Toledo,La Sagra,Chozas de Canales,
Toledo,La Sagra,El Viso de San Juan,
Toledo,La Sagra,Illescas,Bº Estación - Cruz Roja
Toledo,La Sagra,Illescas,Centro
Toledo,La Sagra,Illescas,La Dehesa de Moratalaz
Toledo,La Sagra,Illescas,Parque - Ctra de Ugena
Toledo,La Sagra,Illescas,Señorío de Illescas
Toledo,La Sagra,Numancia de la Sagra,
Toledo,La Sagra,Valmojado,
Toledo,La Sagra,Yeles,
Toledo,Los Montes de Toledo,Área de Argés-Cobisa,
Toledo,Los Montes de Toledo,Área de Nambroca,Almonacid de Toledo
Toledo,Los Montes de Toledo,Área de Nambroca,Burguillos de Toledo
Toledo,Los Montes de Toledo,Área de Nambroca,Nambroca
Toledo,Los Montes de Toledo,Área de Polán,Cuerva
Toledo,Los Montes de Toledo,Área de Polán,Galvez
Toledo,Los Montes de Toledo,Área de Polán,Guadamur
Toledo,Los Montes de Toledo,Área de Polán,Hontanar
Toledo,Los Montes de Toledo,Área de Polán,Las Ventas Con Peña Aguilera
Toledo,Los Montes de Toledo,Área de Polán,Menasalbas
Toledo,Los Montes de Toledo,Área de Polán,Navahermosa
Toledo,Los Montes de Toledo,Área de Polán,Noez
Toledo,Los Montes de Toledo,Área de Polán,Polan
Toledo,Los Montes de Toledo,Área de Polán,Pulgar
Toledo,Los Montes de Toledo,Área de Polán,San Martin de Montalban
Toledo,Los Montes de Toledo,Área de Polán,San Pablo de los Montes
Toledo,Los Montes de Toledo,Área de Polán,Totanés
Toledo,Los Montes de Toledo,Área de Sonseca,Ajofrin
Toledo,Los Montes de Toledo,Área de Sonseca,Chueca
Toledo,Los Montes de Toledo,Área de Sonseca,Los Yébenes
Toledo,Los Montes de Toledo,Área de Sonseca,Manzaneque
Toledo,Los Montes de Toledo,Área de Sonseca,Marjaliza
Toledo,Los Montes de Toledo,Área de Sonseca,Mascaraque
Toledo,Los Montes de Toledo,Área de Sonseca,Mazarambroz
Toledo,Los Montes de Toledo,Área de Sonseca,Orgaz
Toledo,Los Montes de Toledo,Área de Sonseca,Sonseca
Toledo,Los Montes de Toledo,Área de Sonseca,Urda
Toledo,Los Montes de Toledo,Área de Sonseca,Villaminaya
Toledo,Área de la Sierra de San Vicente,,
Toledo,Talavera de la Reina,Casco Antiguo,
Toledo,Talavera de la Reina,Centro - Corte Inglés,
Toledo,Talavera de la Reina,El Pilar - La Estación,
Toledo,Talavera de la Reina,Hospital - Nuevo Centro,
Toledo,Talavera de la Reina,Patrocinio - Nueva Talavera,
Toledo,Talavera de la Reina,Puerta de Cuartos - Avda. de Portugal,
Toledo,Talavera de la Reina,Ribera del Tajo,
Toledo,Talavera de la Reina,Tres Olivos - La Piedad,
Toledo,Toledo,Antequeruela y Covachuelas,
Toledo,Toledo,Avda Europa - San Antón,
Toledo,Toledo,Azucaica,
Toledo,Toledo,Buenavista-Valparaíso-La Legua,
Toledo,Toledo,Casco Histórico,
Toledo,Toledo,El Beato,
Toledo,Toledo,La Reconquista,
Toledo,Toledo,Los Cigarrales-La Bastida,
Toledo,Toledo,Palomarejos,
Toledo,Toledo,Santa Bárbara,
Toledo,Toledo,Santa Teresa-Vista Hermosa,
Toledo,Toledo,Sta Mª de Benquerencia,
Valencia,Camp de Morvedre,Canet d'En Berenguer,
Valencia,Camp de Morvedre,Área Estivella,Albalat Dels Tarongers
Valencia,Camp de Morvedre,Área Estivella,Alfara de Baronia
Valencia,Camp de Morvedre,Área Estivella,Algar de Palancia
Valencia,Camp de Morvedre,Área Estivella,Algimia de Alfara
Valencia,Camp de Morvedre,Área Estivella,Estivella
Valencia,Camp de Morvedre,Área Estivella,Gilet
Valencia,Camp de Morvedre,Área Estivella,Petrés
Valencia,Camp de Morvedre,Área Estivella,Segart
Valencia,Camp de Morvedre,Área Estivella,Torres-Torres
Valencia,Camp de Morvedre,Faura-Quart de les Valls,
Valencia,Camp de Morvedre,Puerto de Sagunto,Avda de Abril -
Valencia,Camp de Morvedre,Puerto de Sagunto,Centro Puerto
Valencia,Camp de Morvedre,Puerto de Sagunto,Fausto Caruana
Valencia,Camp de Morvedre,Puerto de Sagunto,Nuevo Centro
Valencia,Camp de Morvedre,Puerto de Sagunto,Playa Puerto de Sagunto
Valencia,Camp de Morvedre,Puerto de Sagunto,San José - Los Metales
Valencia,Camp de Morvedre,Sagunto,Almardá
Valencia,Camp de Morvedre,Sagunto,Antigua Moreria
Valencia,Camp de Morvedre,Sagunto,Centro - El Castillo
Valencia,Camp de Morvedre,Sagunto,Doctor Palos - Alto Palancia
Valencia,Camp de Morvedre,Sagunto,Fusión
Valencia,Camp de Morvedre,Sagunto,Los Monasterios - El Picayo - Urbanizaciones
Valencia,El Camp de Tùria,Benaguasil - Benisanó,Benaguasil
Valencia,El Camp de Tùria,Benaguasil - Benisanó,Benisano
Valencia,El Camp de Tùria,Bétera,Camì Paterna-Lloma del Calderer
Valencia,El Camp de Tùria,Bétera,Centro
Valencia,El Camp de Tùria,Bétera,La Conarda-Montesano
Valencia,El Camp de Tùria,Bétera,Los Pinares-La Masía
Valencia,El Camp de Tùria,Bétera,Mas Camarena
Valencia,El Camp de Tùria,Bétera,Torre en Conill-Cumbres de San Antonio
Valencia,El Camp de Tùria,Casinos,
Valencia,El Camp de Tùria,Gátova - Marines - Olocau,
Valencia,El Camp de Tùria,L'Eliana,El Carme-Sant Agustí-Bonavista
Valencia,El Camp de Tùria,L'Eliana,El Paraiso-Los Almendros
Valencia,El Camp de Tùria,L'Eliana,Entrepinos
Valencia,El Camp de Tùria,L'Eliana,Montealegre
Valencia,El Camp de Tùria,L'Eliana,Montepilar
Valencia,El Camp de Tùria,L'Eliana,Montesol
Valencia,El Camp de Tùria,L'Eliana,Zona Pueblo
Valencia,El Camp de Tùria,La Pobla de Vallbona,Gallipont
Valencia,El Camp de Tùria,La Pobla de Vallbona,Maravisa
Valencia,El Camp de Tùria,La Pobla de Vallbona,Núcleo Urbano
Valencia,El Camp de Tùria,La Pobla de Vallbona,Pla dels Aljubs
Valencia,El Camp de Tùria,La Pobla de Vallbona,Rascanya
Valencia,El Camp de Tùria,Llíria,Casco Antiguo
Valencia,El Camp de Tùria,Llíria,Parque de la Bombilla-Pla de Rascanya
Valencia,El Camp de Tùria,Llíria,Santa Bárbara
Valencia,El Camp de Tùria,Llíria,Urbanizaciones
Valencia,El Camp de Tùria,Náquera,Casco Urbano
Valencia,El Camp de Tùria,Náquera,Corral Nou - Montros - Estepar
Valencia,El Camp de Tùria,Náquera,El Corralet - Bonanza - Tres Rutas
Valencia,El Camp de Tùria,Náquera,La Carrasca - Monteamor
Valencia,El Camp de Tùria,Náquera,La Loma - Las Lomas
Valencia,El Camp de Tùria,Náquera,San Miguel - El Paraíso
Valencia,El Camp de Tùria,Riba-Roja de Túria - Loriguilla,Loriguilla
Valencia,El Camp de Tùria,Riba-Roja de Túria - Loriguilla,Riba-Roja de Túria
Valencia,El Camp de Tùria,San Antonio de Benagéber,
Valencia,El Camp de Tùria,Serra,
Valencia,El Camp de Tùria,Vilamarxant,
Valencia,Área de Ademuz,,
Valencia,El Valle de Ayora,Ayora,
Valencia,El Valle de Ayora,Área de Jarafuel,
Valencia,El Valle de Ayora,Zarra - Teresa de Cofrentes,
Valencia,Hoya de Buñol,Área de Buñol,Alborache
Valencia,Hoya de Buñol,Área de Buñol,Buñol
Valencia,Hoya de Buñol,Área de Buñol,Dos Aguas
Valencia,Hoya de Buñol,Área de Buñol,Macastre
Valencia,Hoya de Buñol,Área de Buñol,Siete Aguas
Valencia,Hoya de Buñol,Área de Buñol,Yatova
Valencia,Hoya de Buñol,Cheste,
Valencia,Hoya de Buñol,Chiva,Centro
Valencia,Hoya de Buñol,Chiva,El Bosque
Valencia,Hoya de Buñol,Chiva,La Loma
Valencia,Hoya de Buñol,Chiva,Las Pedrizas
Valencia,Hoya de Buñol,Chiva,Los Felipes - Corral de Carmelo
Valencia,Hoya de Buñol,Chiva,Olimar - Carambolo - Atalaya de Levante
Valencia,Hoya de Buñol,Chiva,Sierra Perenchiza - Cumbres de Calicanto - Santo Domingo
Valencia,Hoya de Buñol,Godelleta,
Valencia,L'Horta Nord,Alboraya,Alboraya Centro
Valencia,L'Horta Nord,Alboraya,La Patacona
Valencia,L'Horta Nord,Alboraya,Port Saplaya
Valencia,L'Horta Nord,Alboraya,Saboya
Valencia,L'Horta Nord,Alboraya,Zona Ausias March
Valencia,L'Horta Nord,Alboraya,Zona Metro
Valencia,L'Horta Nord,Área de Farnals,
Valencia,L'Horta Nord,Massamagrell,
Valencia,L'Horta Nord,Área de Meliana,
Valencia,L'Horta Nord,Área de Moncada,Alfara del Patriarca
Valencia,L'Horta Nord,Área de Moncada,Moncada
Valencia,L'Horta Nord,Área de Moncada,Vinalesa
Valencia,L'Horta Nord,Área de Museros,
Valencia,L'Horta Nord,Área de Puig,
Valencia,L'Horta Nord,Rafelbunyol,
Valencia,L'Horta Nord,Rocafort,
Valencia,L'Horta Nord,Área de Tavernes,
Valencia,L'Horta Nord,Burjassot,El Castell
Valencia,L'Horta Nord,Burjassot,L'Eixereta
Valencia,L'Horta Nord,Burjassot,Zona Campus Universitario
Valencia,L'Horta Nord,Burjassot,Zona Cantereria
Valencia,L'Horta Nord,Burjassot,Zona Concordia
Valencia,L'Horta Nord,Godella,Barranquet - El Salvador
Valencia,L'Horta Nord,Godella,Campolivar
Valencia,L'Horta Nord,Godella,Ermita
Valencia,L'Horta Nord,Godella,Nueva Santa Barbara
Valencia,L'Horta Nord,Godella,Polígono Industrial
Valencia,L'Horta Nord,Paterna,Casas Verdes
Valencia,L'Horta Nord,Paterna,Centro Ciudad
Valencia,L'Horta Nord,Paterna,El Alborgí
Valencia,L'Horta Nord,Paterna,Els Molins
Valencia,L'Horta Nord,Paterna,Fuente del Jarro - Táctica
Valencia,L'Horta Nord,Paterna,La Cañada
Valencia,L'Horta Nord,Paterna,Parc Central
Valencia,L'Horta Nord,Paterna,Parc Tecnològic
Valencia,L'Horta Nord,Paterna,Santa Rita
Valencia,L'Horta Nord,Paterna,Sotolivar - Mas del Rosari
Valencia,L'Horta Nord,Paterna,Terramelar
Valencia,L'Horta Nord,Paterna,Valterna
Valencia,L'Horta Nord,Puçol,Casco Antiguo
Valencia,L'Horta Nord,Puçol,La Barraca-Santigons
Valencia,L'Horta Nord,Puçol,Los Monasterios-Alfinach
Valencia,L'Horta Nord,Puçol,Playa de Puçol
Valencia,L'Horta Nord,Puçol,Zona Alta
Valencia,L'Horta Sud,Alaquás,
Valencia,L'Horta Sud,Albal-Beniparrel,
Valencia,L'Horta Sud,Aldaia,
Valencia,L'Horta Sud,Alcàsser,
Valencia,L'Horta Sud,Alfafar,
Valencia,L'Horta Sud,Catarroja,
Valencia,L'Horta Sud,Picassent,
Valencia,L'Horta Sud,Silla,
Valencia,L'Horta Sud,Benetusser,
Valencia,L'Horta Sud,Manises,Alameda Park
Valencia,L'Horta Sud,Manises,Centro Ciudad
Valencia,L'Horta Sud,Manises,El Carmen
Valencia,L'Horta Sud,Manises,El Mercado
Valencia,L'Horta Sud,Manises,La Presa - Collado - La Malla
Valencia,L'Horta Sud,Manises,Poligono del Aeropuerto
Valencia,L'Horta Sud,Manises,San Francisco
Valencia,L'Horta Sud,Manises,San Jerónimo
Valencia,L'Horta Sud,Massanassa,
Valencia,L'Horta Sud,Mislata,
Valencia,L'Horta Sud,Paiporta,
Valencia,L'Horta Sud,Picanya,
Valencia,L'Horta Sud,Quart de Poblet,
Valencia,L'Horta Sud,Sedavi-Llocnou de la corona,
Valencia,L'Horta Sud,Torrent,Calicanto - Monte Real
Valencia,L'Horta Sud,Torrent,Casco Antiguo
Valencia,L'Horta Sud,Torrent,El Molí
Valencia,L'Horta Sud,Torrent,El Vedat - Santa Apolonia
Valencia,L'Horta Sud,Torrent,Mas de la Montañeta
Valencia,L'Horta Sud,Torrent,Mas del Jutge
Valencia,L'Horta Sud,Torrent,Poble Nou
Valencia,L'Horta Sud,Torrent,Zona Avenida al Vedat
Valencia,L'Horta Sud,Torrent,Zona Avenida Alta - Auditorio
Valencia,L'Horta Sud,Torrent,Zona Calle Valencia - La Ermita
Valencia,L'Horta Sud,Torrent,Zona Camí Reial
Valencia,L'Horta Sud,Torrent,Zona Parc Central - Hort de Trenor
Valencia,L'Horta Sud,Xirivella,
Valencia,La Canal de Navarrés,Enguera,
Valencia,La Canal de Navarrés,Área de Navarrés,
Valencia,La Canal de Navarrés,Bolbaite - Chella - Anna,
Valencia,La Costera,Área de Canals,Canals
Valencia,La Costera,Área de Canals,Cerda
Valencia,La Costera,Área de Canals,Estubeny
Valencia,La Costera,Área de Canals,L'Alcudia de Crespins
Valencia,La Costera,Área de Canals,La Granja de la Costera
Valencia,La Costera,Área de Canals,Llanera de Ranes
Valencia,La Costera,Área de Canals,Llosa de Ranes
Valencia,La Costera,Área de Canals,Novelé/Novetlè
Valencia,La Costera,Área de Canals,Rotgla y Corbera
Valencia,La Costera,Área de Canals,Torrella
Valencia,La Costera,Área de Canals,Vallés
Valencia,La Costera,Área de Genovés,
Valencia,La Costera,Área de Montesa,La Font de la Figuera
Valencia,La Costera,Área de Montesa,Mogente
Valencia,La Costera,Área de Montesa,Montesa
Valencia,La Costera,Área de Montesa,Vallada
Valencia,La Costera,Xátiva,
Valencia,La Plana d'Utiel,Área de Camporrobles - Venta del Moro,
Valencia,La Plana d'Utiel,Área de Requena,Chera
Valencia,La Plana d'Utiel,Área de Requena,Los Pedrones
Valencia,La Plana d'Utiel,Área de Requena,Requena
Valencia,La Plana d'Utiel,Área de Utiel,
Valencia,La Vall d'Albaida,Área de Albaida,Adzaneta de Albaida
Valencia,La Vall d'Albaida,Área de Albaida,Agullent
Valencia,La Vall d'Albaida,Área de Albaida,Albaida
Valencia,La Vall d'Albaida,Área de Albaida,Bélgida
Valencia,La Vall d'Albaida,Área de Albaida,Benisoda
Valencia,La Vall d'Albaida,Área de Albaida,Bufali
Valencia,La Vall d'Albaida,Área de Albaida,Carricola
Valencia,La Vall d'Albaida,Área de Albaida,Montaberner
Valencia,La Vall d'Albaida,Área de Albaida,Otos
Valencia,La Vall d'Albaida,Área de Albaida,Palomar
Valencia,La Vall d'Albaida,Área de Beniganim,
Valencia,La Vall d'Albaida,Bocairent,
Valencia,La Vall d'Albaida,Área de Llutxent,
Valencia,La Vall d'Albaida,Área de Salem,
Valencia,La Vall d'Albaida,Fontanares,
Valencia,La Vall d'Albaida,Olleira - Aiello,Aielo de Malferit
Valencia,La Vall d'Albaida,Olleira - Aiello,L'Olleria
Valencia,La Vall d'Albaida,Ontinyent,Centro
Valencia,La Vall d'Albaida,Ontinyent,El Pilar - Santa Ana
Valencia,La Vall d'Albaida,Ontinyent,Llombo
Valencia,La Vall d'Albaida,Ontinyent,Sant Josep-Zona Hospital
Valencia,La Vall d'Albaida,Ontinyent,Sant Rafael
Valencia,La Vall d'Albaida,Terres de Rugat,
Valencia,Los Serranos,Área de Alcublas - Losa del Obispo,
Valencia,Los Serranos,Área de Pedralba,
Valencia,Los Serranos,Área de Tuejar,
Valencia,Ribera Alta,Alcudia-Alberic,Alberic
Valencia,Ribera Alta,Alcudia-Alberic,Benimuslem
Valencia,Ribera Alta,Alcudia-Alberic,L'Alcudia
Valencia,Ribera Alta,Alcudia-Alberic,Masalavés
Valencia,Ribera Alta,Alcudia-Alberic,Tous
Valencia,Ribera Alta,Algemesi,
Valencia,Ribera Alta,Alginet,
Valencia,Ribera Alta,Alzira,Casc Urbà
Valencia,Ribera Alta,Alzira,Urbanitzacions i Pedanies Nord
Valencia,Ribera Alta,Alzira,Urbanitzacions i Pedanies Sud
Valencia,Ribera Alta,Área de Catadau,
Valencia,Ribera Alta,Área de Carcaixent,Carcaixent
Valencia,Ribera Alta,Área de Carcaixent,L'Enova
Valencia,Ribera Alta,Área de Carcaixent,La Pobla Llarga
Valencia,Ribera Alta,Área de Carcaixent,Rafelguaraf
Valencia,Ribera Alta,Área de Carcaixent,San Juan de Enova
Valencia,Ribera Alta,Área de Carlet,Benimodo
Valencia,Ribera Alta,Área de Carlet,Carlet
Valencia,Ribera Alta,Área de Montroy,Montroy
Valencia,Ribera Alta,Área de Montroy,Real de Montroy
Valencia,Ribera Alta,Monserrat,
Valencia,Ribera Alta,Benifaio,
Valencia,Ribera Alta,Guadassuar,
Valencia,Ribera Alta,Sumacárcer-Alcántera de Xúquer-Manuel,Alcántera de Xuquer
Valencia,Ribera Alta,Sumacárcer-Alcántera de Xúquer-Manuel,Antella
Valencia,Ribera Alta,Sumacárcer-Alcántera de Xúquer-Manuel,Beneixida
Valencia,Ribera Alta,Sumacárcer-Alcántera de Xúquer-Manuel,Carcer
Valencia,Ribera Alta,Sumacárcer-Alcántera de Xúquer-Manuel,Cotes
Valencia,Ribera Alta,Sumacárcer-Alcántera de Xúquer-Manuel,Gavarda
Valencia,Ribera Alta,Sumacárcer-Alcántera de Xúquer-Manuel,Manuel
Valencia,Ribera Alta,Sumacárcer-Alcántera de Xúquer-Manuel,Sellent
Valencia,Ribera Alta,Sumacárcer-Alcántera de Xúquer-Manuel,Senyera
Valencia,Ribera Alta,Sumacárcer-Alcántera de Xúquer-Manuel,Sumacárcer
Valencia,Ribera Alta,Sumacárcer-Alcántera de Xúquer-Manuel,Villanueva de Castellon
Valencia,Ribera Alta,Turis,
Valencia,Ribera Baixa,Almussafes - Sollana,
Valencia,Ribera Baixa,Área de Corbera,Albalat de la Ribera
Valencia,Ribera Baixa,Área de Corbera,Benicull de Xúquer
Valencia,Ribera Baixa,Área de Corbera,Corbera
Valencia,Ribera Baixa,Área de Corbera,Favara
Valencia,Ribera Baixa,Área de Corbera,Fortaleny
Valencia,Ribera Baixa,Área de Corbera,Llauri
Valencia,Ribera Baixa,Área de Corbera,Polinyá de Xuquer
Valencia,Ribera Baixa,Área de Corbera,Riola
Valencia,Ribera Baixa,Cullera,Bonavista - Lago San Lorenzo
Valencia,Ribera Baixa,Cullera,El Dossel
Valencia,Ribera Baixa,Cullera,El Faro
Valencia,Ribera Baixa,Cullera,La Vega - Marenyet
Valencia,Ribera Baixa,Cullera,Mareny de San Llorenzo
Valencia,Ribera Baixa,Cullera,Pueblo de Cullera
Valencia,Ribera Baixa,Cullera,Racó
Valencia,Ribera Baixa,Cullera,Sant Antoni
Valencia,Ribera Baixa,Sueca,Bega de Mar
Valencia,Ribera Baixa,Sueca,El Perelló
Valencia,Ribera Baixa,Sueca,Les Palmeres
Valencia,Ribera Baixa,Sueca,Mareny Blau
Valencia,Ribera Baixa,Sueca,Mareny de Barraquetes
Valencia,Ribera Baixa,Sueca,Zona pueblo
Valencia,Safor,Área de Almoines,
Valencia,Safor,Área de Rótova,Alfauir
Valencia,Safor,Área de Rótova,Beniarjo
Valencia,Safor,Área de Rótova,Benifla
Valencia,Safor,Área de Rótova,Benirredra
Valencia,Safor,Área de Rótova,Palma de Gandia
Valencia,Safor,Área de Rótova,Real de Gandia
Valencia,Safor,Área de Rótova,Rotova
Valencia,Safor,Tavernes de la Valldigna,
Valencia,Safor,Área de Villalonga,Ador
Valencia,Safor,Área de Villalonga,Castellonet
Valencia,Safor,Área de Villalonga,La Font d'En Carrós
Valencia,Safor,Área de Villalonga,Potries
Valencia,Safor,Área de Villalonga,Villalonga
Valencia,Safor,Bellreguard,
Valencia,Safor,Benifairó-Simat-Barx,
Valencia,Safor,Daimús-Guardamar,Daimus
Valencia,Safor,Daimús-Guardamar,Guardamar de la Safor
Valencia,Safor,Gandia,Beniopa - San Pere
Valencia,Safor,Gandia,Benipeixcar - El Raval
Valencia,Safor,Gandia,Centro Ciudad
Valencia,Safor,Gandia,Germaníes - Juzgados
Valencia,Safor,Gandia,Grau de Gandia - Venecia - Marenys
Valencia,Safor,Gandia,Park nord - Casona
Valencia,Safor,Gandia,Playa de Gandia
Valencia,Safor,Gandia,Urbanizaciones
Valencia,Safor,Miramar-Piles,Miramar
Valencia,Safor,Miramar-Piles,Piles
Valencia,Safor,Oliva,Oliva Nova
Valencia,Safor,Oliva,Oliva pueblo
Valencia,Safor,Oliva,Platja de Oliva
Valencia,Safor,Xeraco-Xeresa,Xeraco
Valencia,Safor,Xeraco-Xeresa,Xeresa
Valencia,Valencia,Playas Pobles del Sud,
Valencia,Valencia,Pobles del Nord,
Valencia,Valencia,Benimàmet,
Valencia,Valencia,Algirós,Ciutat Jardí
Valencia,Valencia,Algirós,L'Amistat
Valencia,Valencia,Algirós,L'Illa Perduda
Valencia,Valencia,Algirós,La Carrasca
Valencia,Valencia,Algirós,La Vega Baixa
Valencia,Valencia,Benicalap,Benicalap
Valencia,Valencia,Benicalap,Ciutat Fallera
Valencia,Valencia,Benicalap,Nou Benicalap
Valencia,Valencia,Benimaclet,
Valencia,Valencia,Camins al Grau,Aiora
Valencia,Valencia,Camins al Grau,Albors
Valencia,Valencia,Camins al Grau,Camí Fondo
Valencia,Valencia,Camins al Grau,La Creu del Grau
Valencia,Valencia,Camins al Grau,Penya-Roja
Valencia,Valencia,Campanar,Beniferri
Valencia,Valencia,Campanar,Campanar
Valencia,Valencia,Campanar,El Calvari
Valencia,Valencia,Campanar,Les Tendetes
Valencia,Valencia,Campanar,Nou Campanar
Valencia,Valencia,Campanar,Sant Pau
Valencia,Valencia,Ciutat Vella,El Carme
Valencia,Valencia,Ciutat Vella,El Mercat
Valencia,Valencia,Ciutat Vella,El Pilar
Valencia,Valencia,Ciutat Vella,La Seu
Valencia,Valencia,Ciutat Vella,La Xerea
Valencia,Valencia,Ciutat Vella,Sant Francesc
Valencia,Valencia,El Pla del Real,Ciutat Universitària
Valencia,Valencia,El Pla del Real,Exposició
Valencia,Valencia,El Pla del Real,Jaume Roig
Valencia,Valencia,El Pla del Real,Mestalla
Valencia,Valencia,Extramurs,Arrancapins
Valencia,Valencia,Extramurs,El Botànic
Valencia,Valencia,Extramurs,La Petxina
Valencia,Valencia,Extramurs,La Roqueta
Valencia,Valencia,Jesús,Camí Reial
Valencia,Valencia,Jesús,L'Hort de Senabre
Valencia,Valencia,Jesús,La Creu Coberta
Valencia,Valencia,Jesús,La Raiosa
Valencia,Valencia,Jesús,Sant Marcellí
Valencia,Valencia,L'Eixample,El Pla del Remei
Valencia,Valencia,L'Eixample,Gran Vía
Valencia,Valencia,L'Eixample,Russafa
Valencia,Valencia,L'Olivereta,La Fontsanta
Valencia,Valencia,L'Olivereta,La Llum
Valencia,Valencia,L'Olivereta,Nou Moles
Valencia,Valencia,L'Olivereta,Soternes
Valencia,Valencia,L'Olivereta,Tres Forques
Valencia,Valencia,La Saïdia,Marxalenes
Valencia,Valencia,La Saïdia,Morvedre
Valencia,Valencia,La Saïdia,Sant Antoni
Valencia,Valencia,La Saïdia,Tormos
Valencia,Valencia,La Saïdia,Trinitat
Valencia,Valencia,Patraix,Barrio de Favara
Valencia,Valencia,Patraix,Patraix
Valencia,Valencia,Patraix,Safranar
Valencia,Valencia,Patraix,Sant Isidre
Valencia,Valencia,Patraix,Vara de Quart
Valencia,Valencia,Poblats Marítims,Beteró
Valencia,Valencia,Poblats Marítims,El Cabanyal-El Canyamelar
Valencia,Valencia,Poblats Marítims,El Grau
Valencia,Valencia,Poblats Marítims,Natzaret
Valencia,Valencia,Poblats Marítims,Playa de la Malvarrosa
Valencia,Valencia,Pobles del Sud,El Castellar-L'Oliveral
Valencia,Valencia,Pobles del Sud,El Forn d'Alcedo
Valencia,Valencia,Pobles del Sud,Faitanar
Valencia,Valencia,Pobles del Sud,La Torre
Valencia,Valencia,Quatre Carreres,Ciutat de les Arts i de les Ciencies
Valencia,Valencia,Quatre Carreres,En Corts
Valencia,Valencia,Quatre Carreres,Fonteta de Sant Lluìs
Valencia,Valencia,Quatre Carreres,La Punta
Valencia,Valencia,Quatre Carreres,Malilla
Valencia,Valencia,Quatre Carreres,Mont-Olivet
Valencia,Valencia,Quatre Carreres,Na Rovella
Valencia,Valencia,Rascanya,Els Orriols
Valencia,Valencia,Rascanya,Sant Llorenç
Valencia,Valencia,Rascanya,Torrefiel
Valladolid,Área Metropolitana Valladolid,Aldeamayor de San Martín-Boecillo,
Valladolid,Área Metropolitana Valladolid,Arroyo de la Encomienda,
Valladolid,Área Metropolitana Valladolid,Cigales,
Valladolid,Área Metropolitana Valladolid,Cistérniga,
Valladolid,Área Metropolitana Valladolid,Fuensaldaña-Mucientes,
Valladolid,Área Metropolitana Valladolid,Laguna de Duero,
Valladolid,Área Metropolitana Valladolid,Renedo de Esgueva-Castronuevo,
Valladolid,Área Metropolitana Valladolid,Santovenia de Pisuerga-Cabezón,
Valladolid,Área Metropolitana Valladolid,Simancas-Geria,
Valladolid,Área Metropolitana Valladolid,Tudela de Duero,
Valladolid,Área Metropolitana Valladolid,Valladolid,Arcas Reales - Pinar del Jalón
Valladolid,Área Metropolitana Valladolid,Valladolid,Arco Ladrillo
Valladolid,Área Metropolitana Valladolid,Valladolid,Arturo Eyres
Valladolid,Área Metropolitana Valladolid,Valladolid,Belén - Pilarica - Bº España
Valladolid,Área Metropolitana Valladolid,Valladolid,Centro
Valladolid,Área Metropolitana Valladolid,Valladolid,Circular - Vadillos
Valladolid,Área Metropolitana Valladolid,Valladolid,Covaresa - Parque Alameda
Valladolid,Área Metropolitana Valladolid,Valladolid,Cuatro de Marzo
Valladolid,Área Metropolitana Valladolid,Valladolid,Delicias
Valladolid,Área Metropolitana Valladolid,Valladolid,El Cabildo
Valladolid,Área Metropolitana Valladolid,Valladolid,Fuente Berrocal
Valladolid,Área Metropolitana Valladolid,Valladolid,Girón - Villa del Prado
Valladolid,Área Metropolitana Valladolid,Valladolid,Hospital
Valladolid,Área Metropolitana Valladolid,Valladolid,Hospital Nuevo
Valladolid,Área Metropolitana Valladolid,Valladolid,Huerta del Rey
Valladolid,Área Metropolitana Valladolid,Valladolid,La Overuela
Valladolid,Área Metropolitana Valladolid,Valladolid,La Rubia
Valladolid,Área Metropolitana Valladolid,Valladolid,La Victoria
Valladolid,Área Metropolitana Valladolid,Valladolid,Las Flores
Valladolid,Área Metropolitana Valladolid,Valladolid,Las Villas - Valparaíso
Valladolid,Área Metropolitana Valladolid,Valladolid,Pajarillos
Valladolid,Área Metropolitana Valladolid,Valladolid,Parquesol
Valladolid,Área Metropolitana Valladolid,Valladolid,Pinarillo - Los Doctrinos
Valladolid,Área Metropolitana Valladolid,Valladolid,Pº Zorrilla - Campo Grande
Valladolid,Área Metropolitana Valladolid,Valladolid,Pº Zorrilla - Plaza de Toros
Valladolid,Área Metropolitana Valladolid,Valladolid,Rondilla - Santa Clara
Valladolid,Área Metropolitana Valladolid,Valladolid,San Isidro
Valladolid,Área Metropolitana Valladolid,Valladolid,San Juan - Batallas
Valladolid,Área Metropolitana Valladolid,Viana de Cega-Villanueva-Valdestillas,
Valladolid,Área Metropolitana Valladolid,Zaratán-Villanubla,
Valladolid,Tierra de Campos,,
Valladolid,Tierra de Medina,Medina del Campo,
Valladolid,Tierra de Medina,Mojados-Íscar,
Valladolid,Tierra de Medina,Nava del Rey - Villaverde de Medina,
Valladolid,Tierra de Medina,Olmedo,
Valladolid,Área de Peñafiel,,
Valladolid,Área de Tordesillas,,
Vizcaya,Arratia-Nervión,Bedia-Lemoa,
Vizcaya,Arratia-Nervión,Orozko-Zeberio,
Vizcaya,Arratia-Nervión,Valle Arratia,
Vizcaya,Arratia-Nervión,Valle Nervión,
Vizcaya,Busturialdea,Área de Bermeo,
Vizcaya,Busturialdea,Área de Elantxobe-Ea-Gautegiz,
Vizcaya,Busturialdea,Área de Guernika,
Vizcaya,Duranguesado,Amorebieta-Echano,
Vizcaya,Duranguesado,Área de Abadiño-Elorrio,
Vizcaya,Duranguesado,Área de Berriz-Ermua,
Vizcaya,Duranguesado,Área de Durango,
Vizcaya,Encartaciones,Área de Artzentales-Balmaseda,
Vizcaya,Encartaciones,Área de Güeñes-Gordexola,
Vizcaya,Encartaciones,Área de Karrantza-Trucios,
Vizcaya,Encartaciones,Área de Sopuerta-Galdames,
Vizcaya,Encartaciones,Zalla,
Vizcaya,Gran Bilbao,Área de Abanto Zierbena,
Vizcaya,Gran Bilbao,Área de Arrigorriaga,
Vizcaya,Gran Bilbao,Bilbao,
Vizcaya,Gran Bilbao,"Etxebarri, Anteiglesia de San esteban",
Vizcaya,Gran Bilbao,Portugalete,
Vizcaya,Gran Bilbao,Santurtzi,
Vizcaya,Gran Bilbao,Sestao,
Vizcaya,Gran Bilbao,Área Erandio-Astrabudua,
Vizcaya,Gran Bilbao,Barakaldo,
Vizcaya,Gran Bilbao,Basauri,
Vizcaya,Gran Bilbao,Galdakao,
Vizcaya,Gran Bilbao,Getxo,
Vizcaya,Gran Bilbao,Leioa,
Vizcaya,Gran Bilbao,Loiu-Derio-Sondika,
Vizcaya,Gran Bilbao,Muskiz,
Vizcaya,Gran Bilbao,Ortuella,
Vizcaya,Gran Bilbao,Valle de Trapaga-Trapagaran,
Vizcaya,Gran Bilbao,Zamudio-Lezama-Larrabetzu,
Vizcaya,Área de Lea-Artibai,,
Vizcaya,Uribe-Butroe,Área de Gatika-Laukiz-Urduliz,
Vizcaya,Uribe-Butroe,Área de Lemoiz-Bakio-Maruri,
Vizcaya,Uribe-Butroe,Área de Mungia,
Vizcaya,Uribe-Butroe,Sopelana,
Vizcaya,Uribe-Butroe,Barrika,
Vizcaya,Uribe-Butroe,Berango,
Vizcaya,Uribe-Butroe,Gorliz,
Vizcaya,Uribe-Butroe,Plentzia,
Zamora,Alfoz de Toro,,
Zamora,Área de Aliste,,
Zamora,Área de Sayago,,
Zamora,Área de Zamora,Área de Monfarracinos,
Zamora,Área de Zamora,Área de Morales del Vino,
Zamora,Área de Zamora,Zamora,Barrio Pinilla
Zamora,Área de Zamora,Zamora,Casco Antiguo
Zamora,Área de Zamora,Zamora,Centro
Zamora,Área de Zamora,Zamora,Ctra de Villalpando - Urbanización Siglo XXI
Zamora,Área de Zamora,Zamora,Ensanche
Zamora,Área de Zamora,Zamora,La Candelaria
Zamora,Área de Zamora,Zamora,La Hiniesta
Zamora,Área de Zamora,Zamora,La Lana
Zamora,Área de Zamora,Zamora,Las Vegas - La Feria
Zamora,Área de Zamora,Zamora,Los Bloques
Zamora,Área de Zamora,Zamora,Pantoja - Vista Alegre
Zamora,Área de Zamora,Zamora,Peña Trevinca
Zamora,Área de Zamora,Zamora,San Isidro - Espíritu Santo
Zamora,Área de Zamora,Zamora,San José Obrero
Zamora,Área de Zamora,Zamora,San Lázaro
Zamora,Área de Benavente,,
Zamora,Área de Sanabria,,
Zamora,Tierra de Campos,,
Zamora,Tierra del Vino - La Guareña,,
Zaragoza,Área de Aranda,,
Zaragoza,Área de Zaragoza,Alfajarín,
Zaragoza,Área de Zaragoza,Área de Cuarte de Huerva,
Zaragoza,Área de Zaragoza,Área de Fuentes de Ebro,
Zaragoza,Área de Zaragoza,Área de María de Huerva,
Zaragoza,Área de Zaragoza,Utebo,
Zaragoza,Área de Zaragoza,Área de Villamayor de Gállego,
Zaragoza,Área de Zaragoza,Área de Villanueva de Gállego,
Zaragoza,Área de Zaragoza,Zaragoza,Actur
Zaragoza,Área de Zaragoza,Zaragoza,Almozara
Zaragoza,Área de Zaragoza,Zaragoza,Arrabal - Barrio Jesus
Zaragoza,Área de Zaragoza,Zaragoza,Avda Cataluña-Santa Isabel-Movera
Zaragoza,Área de Zaragoza,Zaragoza,Barrios rurales del norte
Zaragoza,Área de Zaragoza,Zaragoza,Cartuja Baja
Zaragoza,Área de Zaragoza,Zaragoza,Casablanca
Zaragoza,Área de Zaragoza,Zaragoza,Casco Historico
Zaragoza,Área de Zaragoza,Zaragoza,Casetas - Garrapinillos - Monzalbarba
Zaragoza,Área de Zaragoza,Zaragoza,Centro
Zaragoza,Área de Zaragoza,Zaragoza,Delicias
Zaragoza,Área de Zaragoza,Zaragoza,La Jota
Zaragoza,Área de Zaragoza,Zaragoza,Las Fuentes
Zaragoza,Área de Zaragoza,Zaragoza,Miraflores San Jose
Zaragoza,Área de Zaragoza,Zaragoza,Miralbueno
Zaragoza,Área de Zaragoza,Zaragoza,Montecanal-Valdespartera-Rosales del Canal
Zaragoza,Área de Zaragoza,Zaragoza,Oliver y Valdefierro
Zaragoza,Área de Zaragoza,Zaragoza,Plaza
Zaragoza,Área de Zaragoza,Zaragoza,Pol Universidad Romareda
Zaragoza,Área de Zaragoza,Zaragoza,Ruiseñores
Zaragoza,Área de Zaragoza,Zaragoza,Salvador Allende-Parque Goya-Zorongo
Zaragoza,Área de Zaragoza,Zaragoza,Torrero - La Paz
Zaragoza,Área de Zaragoza,Zaragoza,Universidad San Francisco
Zaragoza,Mequinenza,,
Zaragoza,Área de Campo de Belchite,,
Zaragoza,Área de Campo de Borja,,
Zaragoza,Área de Campo de Cariñena,,
Zaragoza,Área de Campo de Daroca,,
Zaragoza,Área de Caspe,,
Zaragoza,Área de Cinco Villas - Jacetania,,
Zaragoza,Comunidad de Calatayud,Calatayud,
Zaragoza,Comunidad de Calatayud,La Cañada - Gargantas del Jalón,
Zaragoza,Comunidad de Calatayud,Señorío de Ariza - Valle del Piedra-Mesa,
Zaragoza,Comunidad de Calatayud,Sierra Vicor-Espigar - Valle del Jiloca,
Zaragoza,Área de Hoya de Huesca,,
Zaragoza,La Muela-Valdejalón,Área de Almunia de Doña Godina,
Zaragoza,La Muela-Valdejalón,Área de Épila,
Zaragoza,La Muela-Valdejalón,La Muela,
Zaragoza,Área de Monegros,Alagon,
Zaragoza,Área de Monegros,Área de Gallur - Remolinos,
Zaragoza,Área de Monegros,Área de Pedrola,
Zaragoza,Área de Monegros,Área de Pinseque,
Zaragoza,Ribera Alta del Ebro,,
Zaragoza,Ribera Baja del Ebro,,
Zaragoza,Área de Tarazona-El Moncayo,,